# Pathway,2827_Coverage,2828_Coverage,2830_Coverage,2831_Coverage,2832_Coverage,2833_Coverage,2834_Coverage,2836_Coverage,2837_Coverage,2839_Coverage,2840_Coverage,2841_Coverage,2842_Coverage,2845_Coverage,2846_Coverage,2847_Coverage,2850_Coverage,2853_Coverage,2854_Coverage,2855_Coverage,2857_Coverage,2858_Coverage,2859_Coverage,2862_Coverage,2866_Coverage,2867_Coverage,2870_Coverage,2871_Coverage,2872_Coverage
1CMET2-PWY: folate transformations III (E. coli),5.9719e-06,0.0,6e-10,0.0,1.5875e-06,0.0,0.0,0.0,0.0,0.0,0.0,0.0,0.0,0.0,0.0551879988,0.0,0.0,0.0,0.0,0.0,0.0,4.74e-07,0.0,0.0,0.0,0.0,0.0,0.0,0.0002718634
ANAEROFRUCAT-PWY: homolactic fermentation,1.627e-07,0.0,0.0,0.0,0.0018296317,0.0,4.5199e-05,1.92465e-05,7.6e-09,0.0,0.0,0.0,0.0,0.0,0.0002471658,0.0,0.0,4e-10,1.63062e-05,0.0,0.0,1.31e-08,1e-10,0.0,7.29e-08,0.0,0.0,9.512e-07,0.0
ANAGLYCOLYSIS-PWY: glycolysis III (from glucose),2.44e-07,0.0,0.0004831236,3.253e-07,0.9995792362,8.09e-08,0.9073718008,0.0021639082,0.9634682975,8.9397e-06,0.0,0.0,0.1625034843,0.0,0.0003709336,0.0,0.0,0.0414868425,0.100331848,0.0,0.0,1.97e-08,1e-10,0.0,0.7051959522,0.0,0.0,0.9772755538,3.66176e-05
ARG+POLYAMINE-SYN: superpathway of arginine and polyamine biosynthesis,0.0,0.0,0.0,0.0,0.0,0.0,0.0,0.0,0.0,0.0,0.0,0.0,0.0,0.0,0.0,0.0,0.0,0.0,0.0,0.0,0.0,0.0,0.0,0.0,0.0,0.0,0.0,0.0,0.0
ARGININE-SYN4-PWY: L-ornithine biosynthesis II,0.0,0.0,0.0,0.0,0.0,0.0,0.0,0.0,0.0,0.0,0.0,0.0,0.0,0.0,0.0,0.0,0.0,0.0,0.0,0.0,0.0,0.0,0.0,0.0,0.0,0.0,0.0,0.0,0.0
ARGSYN-PWY: L-arginine biosynthesis I (via L-ornithine),0.017412669,0.0,3.062e-07,0.0,0.0439504238,0.9990630159,0.699972198,0.8134743872,3.5e-09,0.5018915179,0.0,0.0,0.0,3.0685e-06,0.0424432262,0.0,0.0,0.0,0.5256077983,0.0,1.56e-08,3.6236e-06,0.000678061,0.0002844685,0.2085009256,0.0,0.0,0.0008713083,0.0
ARGSYNBSUB-PWY: L-arginine biosynthesis II (acetyl cycle),0.0065243876,0.0,6.2436e-06,0.0,0.998753386,0.9995759099,0.4775850549,0.6179207976,0.0711998958,0.2736931754,0.0,0.0,0.0,1.1365e-06,0.0162384195,0.0,0.0,0.0,0.2921645645,0.0,2.24355e-05,1.3421e-06,0.0002642074,0.0049475664,0.0992636078,0.0,0.0,0.0014167717,0.0
ARO-PWY: chorismate biosynthesis I,0.9076902138,0.0,5e-10,0.0,6.497e-07,0.2955520474,0.0879483721,0.0142831,0.053888971,0.0769710401,0.0,0.0,0.0,0.7312359856,0.9623323116,0.0,0.0,0.0176191823,0.3033217848,0.0,0.0,0.0581093119,5.71575e-05,7.9553e-06,0.0225258893,0.0,0.0,2.6e-09,9.61592e-05
ASPASN-PWY: superpathway of L-aspartate and L-asparagine biosynthesis,5.661e-06,0.0,0.9999980295,0.0,0.106988036,0.0,0.0,0.0,0.0,0.0,0.0,0.0,0.0,0.0,2.47744e-05,0.0,0.9691768134,1.4e-09,0.0,0.0,0.0,1.3658e-06,0.0002215199,0.0115693255,1e-10,0.0,3.766e-07,0.0,3.10343e-05
BIOTIN-BIOSYNTHESIS-PWY: biotin biosynthesis I,0.0,0.0,0.0,0.0,0.0,0.0,0.0,0.0,0.0,0.0,0.0,0.0,0.0,0.0,0.0,0.0,0.0,0.0,0.0,0.0,0.0,0.0,0.0,0.0,0.0,0.0,0.0,0.0,0.0
BRANCHED-CHAIN-AA-SYN-PWY: superpathway of branched chain amino acid biosynthesis,0.035430699,0.0,0.0400753642,2.3562e-06,0.9979954778,0.8608087959,0.1236827949,0.9859476171,0.0651016368,0.7634364052,0.0,0.0,0.0,0.9402224792,0.1371212406,0.0,0.0,6.6523e-05,0.0032406904,0.0,2.1e-09,0.9806327112,1.96314e-05,0.0023097442,0.1697153601,0.0,0.0,0.0013663415,0.8118674894
CALVIN-PWY: Calvin-Benson-Bassham cycle,0.0015370885,0.0,0.0,0.0,0.0001080071,3.66184e-05,2.26931e-05,0.0,0.0,0.0,0.0,0.0,0.0,0.0,9.6e-09,0.0,0.0,2e-10,0.0003148913,0.0,0.0,0.6172262184,0.1255898443,0.0004656513,2.933e-07,0.0,0.0,0.0,7.8043e-06
CENTFERM-PWY: pyruvate fermentation to butanoate,0.0,0.0,0.0,0.0,0.0,0.0,0.0,0.0,0.0,0.0,0.0,0.0,0.0,0.0,0.0,0.0,0.0,0.0,0.0,0.0,0.0,0.0,0.0,0.0,0.0,0.0,0.0,0.0,0.0
CITRULBIO-PWY: L-citrulline biosynthesis,0.0,0.0,0.0,0.0,0.0,0.0,0.0,0.0,0.0,0.0,0.0,0.0,0.0,0.0,0.0,0.0,0.0,0.0,0.0,0.0,0.0,0.0,0.0,0.0,0.0,0.0,0.0,0.0,0.0
COA-PWY-1: superpathway of coenzyme A biosynthesis III (mammals),0.001662221,0.023069195,0.85119953,0.4738445068,0.9999965521,0.8897182934,0.9993387991,0.6940183227,0.4658239721,0.37653296,0.0,1.453e-07,0.9960231047,0.959882616,0.9165813706,0.6435171892,0.0047103155,0.9686031598,0.5785478546,0.6925352608,0.993958361,0.0001402465,0.0057538934,0.9089651247,0.9980559211,0.9145742929,0.0,0.9882771266,0.8697267002
COA-PWY: coenzyme A biosynthesis I (prokaryotic),0.2366041515,0.9841786525,0.9013591353,0.7668255456,0.9999956902,0.865846535,0.9996811199,0.7886751078,0.7738411352,0.9990318969,0.0071222469,0.1553908703,0.9950338184,0.9503512148,0.997404905,0.5910073526,0.0037718058,0.9610596024,0.612212163,0.9665068314,0.9924593408,0.0029217085,0.9996598022,0.9257920786,0.9998590696,0.9986651854,0.1012924556,0.9999999138,0.9606810056
COBALSYN-PWY: superpathway of adenosylcobalamin salvage from cobinamide I,0.0,0.0,0.0,0.0,0.0,0.0,0.0,0.0,0.0,0.0,0.0,0.0,0.0,0.0,4.4e-09,0.0,0.0,0.0,0.0,0.0,0.0,0.0,0.0,0.0,0.0,0.0,0.0,0.0,0.0
COLANSYN-PWY: colanic acid building blocks biosynthesis,0.0,0.0,0.0,0.0,0.0,0.0,0.0,0.0,0.0,0.0,0.0,0.0,0.0,0.0,3.2e-09,0.0,0.0,0.0,1.469e-07,0.0,0.0,0.0,0.0,0.0,0.0,0.0,0.0,0.0,0.0
COMPLETE-ARO-PWY: superpathway of aromatic amino acid biosynthesis,0.0003829495,0.0,0.0,0.0,2e-10,0.0565293534,1.0116e-06,0.0152986032,1e-10,0.0,0.0,0.0,0.0,0.0358053395,0.3701218284,0.0,0.0,0.0147989564,0.0,0.0,0.0,2.68e-08,3.54e-08,0.0,0.0209954064,0.0,0.0,0.0,0.0
DAPLYSINESYN-PWY: L-lysine biosynthesis I,0.0,0.0,0.0,0.0,0.0,0.0,0.0,0.0,0.0,0.0,0.0,0.0,0.0,0.0,0.0,0.0,0.0,0.0,0.0,0.0,0.0,0.0,0.0,0.0,0.0,0.0,0.0,0.0,0.0
DTDPRHAMSYN-PWY: dTDP-&beta;-L-rhamnose biosynthesis,0.9622965075,1.0,0.9999935847,0.9999992453,1.0,1.0,0.9999936021,1.0,0.9999999983,0.9999899718,0.9999999881,0.4397989405,0.9998661258,1.0,0.8510289236,3.7406e-05,0.4277976597,0.9976887585,0.980281047,0.9995053484,0.9999837607,0.9997691297,0.9026717083,0.9724436102,1.0,0.8283862779,0.4122784686,0.9999993412,1.0
FAO-PWY: fatty acid &beta;-oxidation I (generic),0.0,0.0,0.0,0.0,0.0,0.0,0.0,0.0,0.0,0.0,0.0,0.0,0.0,0.0,0.0,0.0,0.0,0.0,0.0,0.0,0.0,0.0,0.0,0.0,0.0,0.0,0.0,0.0,0.0
FASYN-ELONG-PWY: fatty acid elongation -- saturated,0.0,0.0,0.0,0.0,9.5e-09,0.0,0.0,0.0,0.0,0.0,0.0,0.0,0.0,0.0,2.8e-08,0.0,0.0,0.0,0.0,0.0,0.0,0.0,0.0,0.0,0.0,0.0,0.0,0.0,0.0
FERMENTATION-PWY: mixed acid fermentation,0.0,0.0,0.0,0.0,0.0,0.0,0.0,0.0,0.0,1.396e-06,0.0,0.0,0.0,0.0,0.0,0.0,0.0,0.0,0.0,0.0,0.0,0.0,0.0,0.0,0.0,0.0,0.0,0.0,0.0
GALACT-GLUCUROCAT-PWY: superpathway of hexuronide and hexuronate degradation,0.0,0.0,0.0,0.0,0.0,0.0,0.0,0.0,0.0,0.0,0.0,0.0,0.0,0.0,0.0,0.0,0.0,0.0,0.0,0.0,0.0,0.0,0.0,0.0,0.0,0.0,0.0,0.0,0.0
GALACTARDEG-PWY: D-galactarate degradation I,0.0,0.0,0.0,0.0,0.0,0.0,0.0,0.0,0.0,0.0,0.0,0.0,0.0,0.0,0.0,0.0,0.0,0.0,0.0,0.0,0.0,0.0,0.0,0.0,0.0,0.0,0.0,0.0,0.0
GALACTUROCAT-PWY: D-galacturonate degradation I,0.0,0.0,0.0,0.0,0.0,0.0,0.0,0.0,0.0,0.0,0.0,0.0,0.0,0.0,0.0,0.0,0.0,0.0,0.0,0.0,0.0,0.000314748,0.0,0.0,0.0,0.0,0.0,1.3e-08,0.0
"GLCMANNANAUT-PWY: superpathway of N-acetylglucosamine, N-acetylmannosamine and N-acetylneuraminate degradation",0.0,0.0,0.0,0.0,0.0,0.0,0.0,0.0,0.0,0.0,0.0,0.0,0.0,0.0,2.4e-09,0.0,0.0,0.0,0.0,0.0,0.0,0.0,0.0,0.0,0.0020271464,0.0,0.0,0.0,0.0
GLUCARDEG-PWY: D-glucarate degradation I,0.0,0.0,0.0,0.0,0.0,0.0,0.0,0.0,0.0,0.0,0.0,0.0,0.0,0.0,0.0,0.0,0.0,0.0,0.0,0.0,0.0,0.0,0.0,0.0,0.0,0.0,0.0,0.0,0.0
GLUCARGALACTSUPER-PWY: superpathway of D-glucarate and D-galactarate degradation,0.0,0.0,0.0,0.0,0.0,0.0,0.0,0.0,0.0,0.0,0.0,0.0,0.0,0.0,0.0,0.0,0.0,0.0,0.0,0.0,0.0,0.0,0.0,0.0,0.0,0.0,0.0,0.0,0.0
GLUCONEO-PWY: gluconeogenesis I,1.842e-07,0.0,0.0,0.0,0.0,0.0,1.19e-08,0.0,0.0,0.0,0.0,0.0,0.0,0.0,0.0,0.0,0.0,0.0,7e-10,0.0,0.0,1.75e-08,0.0,0.0,2e-10,0.0,0.0,0.0,0.0
GLUCOSE1PMETAB-PWY: glucose and glucose-1-phosphate degradation,0.0,0.0,0.0,0.0,0.9999998793,0.0,0.0,0.0,0.0,0.0,0.0,0.0,0.0,0.0,0.7021435287,0.0,0.0,0.0,0.0,0.0,0.0,0.0,1.0,0.0,0.0,0.0,0.0,0.0,0.9999868815
GLUCUROCAT-PWY: superpathway of &beta;-D-glucuronosides degradation,0.0,0.0,0.0,0.0,0.0,0.0,0.0,2.022e-07,0.0,0.0,0.0,0.0,0.0,0.0,0.0,0.0,0.0,0.0,1e-10,0.0,0.0,6.1e-09,0.0,0.0,0.0,0.0,0.0,5e-10,0.0
GLUDEG-I-PWY: GABA shunt,0.0,0.0,0.0,0.0,0.0,0.0,0.0,0.0,0.0,0.0,0.0,0.0,0.0,0.0,0.0,0.0,0.0,0.0,0.0,0.0,0.0,0.0,0.0,0.0,0.0,0.0,0.0,0.0,0.0
GLUTORN-PWY: L-ornithine biosynthesis I,0.003679616,0.0,6.38e-08,0.0,0.0094865651,0.9955360755,0.3288042512,0.4760717118,7e-10,0.1735082528,0.0,0.0,0.0,6.393e-07,0.0092176904,0.0,0.0,0.0,0.1875532381,0.0,3.3e-09,7.549e-07,0.0001517882,6.05618e-05,0.0522154277,0.0,0.0,0.0001871253,0.0
GLYCOCAT-PWY: glycogen degradation I,0.0,0.0,0.0,0.0,0.0,0.0,0.0001528144,0.0,0.0,0.0,0.0,0.0,6.3e-09,0.0,0.0,0.0,0.0,0.0,0.0,0.0,0.0,0.0,0.0,0.0,0.0,0.0,0.0,1e-10,0.0
GLYCOGENSYNTH-PWY: glycogen biosynthesis I (from ADP-D-Glucose),0.5649375466,0.9989397938,0.9996145955,0.9999812,1.0,0.9999999914,0.9921655941,0.7038655929,0.9974613173,0.9999973218,0.6259930332,0.8715002639,0.9946025919,1.0,0.229001606,0.9999964928,0.5929349664,0.9993187592,0.9985909214,0.8374837626,0.9994197718,0.9743596981,1.0,0.9982518093,0.9999999448,0.9999864141,0.9285859075,1.0,0.9998178326
GLYCOL-GLYOXDEG-PWY: superpathway of glycol metabolism and degradation,0.0,0.0,0.0,0.0,0.0,0.0,0.0,0.0,0.0,0.0,0.0,0.0,0.0,0.0,0.0,0.0,0.0,0.0,0.0,0.0,0.0,0.0,0.0,0.0,0.0,0.0,0.0,0.0,0.0
GLYCOLYSIS-E-D: superpathway of glycolysis and the Entner-Doudoroff pathway,0.0,0.0,0.0,0.0,0.0,0.0,9.7e-09,0.0,0.0,0.0,0.0,0.0,0.0,0.0,0.0,0.0,0.0,0.0,0.0,0.0,0.0,0.0,0.0,0.0,0.0,0.0,0.0,0.0,0.0
GLYCOLYSIS: glycolysis I (from glucose 6-phosphate),0.0023054014,0.0,0.0,0.0,0.8127236562,4.05e-08,3.40544e-05,0.0010534974,5.7e-09,4.4699e-06,0.0,0.0,0.0,0.0,0.1801068843,0.0,0.0,0.0285674105,1.22313e-05,0.0,0.0,0.0023332498,0.0053160097,1e-10,0.0113027404,0.0,0.0,1.4267e-06,1.83091e-05
GLYOXYLATE-BYPASS: glyoxylate cycle,0.0,0.0,0.0,0.0,0.0,0.0,0.0,0.0,0.0,0.0,0.0,0.0,0.0,0.0,0.0,0.0,0.0,0.0,0.0,0.0,0.0,0.0,0.0,0.0,0.0,0.0,0.0,0.0,0.0
"GOLPDLCAT-PWY: superpathway of glycerol degradation to 1,3-propanediol",0.0,0.0,0.0,0.0,0.0,0.0,0.0,0.0,0.0,0.0,0.0,0.0,0.0,0.0,0.0,0.0,0.0,0.0,0.0,0.0,0.0,0.0,0.0,0.0,0.0,0.0,0.0,0.0,0.0
HEMESYN2-PWY: heme b biosynthesis II (oxygen-independent),0.0,0.0,0.0,0.0,0.0,0.0,0.0,0.0,0.0,0.0,0.0,0.0,0.0,0.0,0.0,0.0,0.0,0.0,0.0,0.0,0.0,0.0,0.0,0.0,0.0,0.0,0.0,0.0,0.0
HISDEG-PWY: L-histidine degradation I,0.0,0.0,0.0,0.0,0.0,0.0,0.0,0.0,0.0,0.0,0.0,0.0,0.0,0.0,0.0,0.0,0.0,0.0,0.0,0.0,0.0,0.0,0.0,0.0,0.0,0.0,0.0,0.0,0.0
HISTSYN-PWY: L-histidine biosynthesis,0.0338769593,0.0,9.39e-07,0.0,0.6288715338,0.0,0.131059292,0.00210057,2.4598e-06,0.0,0.0,0.0,0.0,0.1273550406,0.2437013414,0.0,0.0,5.84439e-05,1.326e-07,0.0,0.0,0.0002993792,0.0,2.1637e-06,4.175e-07,0.0,0.0,0.0,0.0
HOMOSER-METSYN-PWY: L-methionine biosynthesis I,0.0,0.0,0.0,0.0,0.0,0.0,0.0,0.0,0.0,0.0,0.0,0.0,0.0,0.0,0.0,0.0,0.0,0.0,0.0,0.0,0.0,0.0,0.0,0.0,0.0,0.0,0.0,0.0,0.0
HSERMETANA-PWY: L-methionine biosynthesis III,4.4789e-06,0.0,0.0003914383,0.0,1.1906e-06,0.0,0.0002265895,0.0,0.0,0.0,0.0,0.0,0.0,0.0,5.75026e-05,0.0,0.0,0.0,0.0,0.0,0.0,1.532e-07,0.0,1.44e-08,2.89449e-05,0.0,0.0,0.0,0.0002072018
ILEUSYN-PWY: L-isoleucine biosynthesis I (from threonine),0.0357982154,0.0,0.3913710981,2.0151e-06,0.9973175747,0.8600895377,0.2494654346,0.9878519101,0.3115467738,0.7484362156,0.0,0.0,0.0,0.998653808,0.1376460366,0.0,0.0,0.4840938162,0.0032564844,0.0,1.5e-09,0.9964580129,0.5021297593,0.0838352349,0.1648164839,0.0064011623,0.0,0.0084105139,0.7994482952
LACTOSECAT-PWY: lactose and galactose degradation I,0.0,0.0,0.0,0.0,0.0,0.0,0.0,0.0,0.0,0.0,0.0,0.0,0.0,0.0,0.0,1.1103e-06,0.0,0.0,0.0,0.0,0.0,0.0,0.0,0.0,0.0,0.0,0.0,0.0,0.0
LIPASYN-PWY: phospholipases,0.0,0.0,0.0,0.0,0.0,0.0,0.0,0.0,0.0,0.0,0.0,0.0,0.0,0.0,0.0,0.0,0.0,0.0,0.0,0.0,0.0,0.0,0.0,0.0,0.0,0.0,0.0,0.0,0.0
MET-SAM-PWY: superpathway of S-adenosyl-L-methionine biosynthesis,0.0,0.0,0.0,0.0,0.0,0.0,0.0,0.0,0.0,0.0,0.0,0.0,0.0,0.0,0.0,0.0,0.0,0.0,0.0,0.0,0.0,0.0,0.0,0.0,0.0,0.0,0.0,0.0,0.0
METHGLYUT-PWY: superpathway of methylglyoxal degradation,0.0,0.0,0.0,0.0,0.0,0.0,0.0,0.0,0.0,0.0,0.0,0.0,0.0,0.0,0.0,0.0,0.0,0.0,0.0,0.0,0.0,0.0,0.0,0.0,0.0,0.0,0.0,0.0,0.0
METSYN-PWY: superpathway of L-homoserine and L-methionine biosynthesis,0.0,0.0,0.0,0.0,0.0,0.0,0.0,0.0,0.0,0.0,0.0,0.0,0.0,0.0,0.0,0.0,0.0,0.0,0.0,0.0,0.0,0.0,0.0,0.0,0.0,0.0,0.0,0.0,0.0
NAGLIPASYN-PWY: lipid IVA biosynthesis (E. coli),0.0,0.0,0.0,0.0,0.0,0.0,0.0,0.0,0.0,0.0,0.0,0.0,0.0,0.0,0.0,0.0,0.0,0.0,0.0,0.0,0.0,0.0,0.0,0.0,0.0,0.0,0.0,0.0,0.0
NONMEVIPP-PWY: methylerythritol phosphate pathway I,8.758e-07,0.0,2.4954e-06,0.0,0.3323546088,0.3283688683,1.93136e-05,2.17e-08,3e-10,0.0,0.0,0.0,0.0,1.5402e-06,0.0037077656,0.0,0.0,0.0003435324,3.68542e-05,0.0,7e-10,0.0021281505,5e-10,0.0,3.1942e-05,0.0,0.0,0.0,1.296e-07
NONOXIPENT-PWY: pentose phosphate pathway (non-oxidative branch) I,0.0183204797,0.0,2.009e-07,0.0,3.56694e-05,8.1377e-06,0.0111957675,0.0,0.0,0.0,0.0,0.0,0.0,0.0,2.1e-09,0.0,0.0,1.6e-09,0.0001146541,0.0,0.0,0.0066639509,0.0107445661,0.0001137194,6.52e-08,0.0,0.0,0.0,0.0
OANTIGEN-PWY: O-antigen building blocks biosynthesis (E. coli),0.7185563228,0.9999549626,0.9936893811,0.9999989796,1.0,0.9903181578,0.9860428276,0.0558827862,0.9982051358,0.261278883,0.9999225784,0.519598352,0.948888212,0.9999999975,0.5264684032,7.287e-06,0.1610367973,0.9950489886,0.8245053165,0.9983107547,0.9974950153,0.0673864306,0.1388916302,0.9558266059,0.9999786646,0.7919446188,0.1458876338,0.9969719599,0.9999487766
ORNDEG-PWY: superpathway of ornithine degradation,0.0,0.0,0.0,0.0,0.0,0.0,0.0,0.0,0.0,0.0,0.0,0.0,0.0,0.0,0.0,0.0,0.0,0.0,0.0,0.0,0.0,0.0,0.0,0.0,0.0,0.0,0.0,0.0,0.0
P108-PWY: pyruvate fermentation to propanoate I,0.0,0.0,0.0,0.0,0.0,0.0,0.0,0.0,0.0,0.0,0.0,0.0,0.0,0.0,0.0,0.0,0.0,0.0,0.0,0.0,0.0,0.0,0.0,0.0,0.0,0.0,0.0,0.0,0.0
P122-PWY: heterolactic fermentation,0.0,0.0,0.0,0.0,0.0,0.0,0.0,0.0,0.0,0.0,0.0,0.0,0.0,0.0,0.0,0.0,0.0,0.0,0.0,0.0,0.0,0.0,0.0,0.0,0.0,0.0,0.0,0.0,0.0
P124-PWY: Bifidobacterium shunt,0.0,0.0,0.0,0.0,0.0,0.0,0.0,0.0,0.0,0.0,0.0,0.0,0.0,0.0,0.0,0.0,0.0,0.0,0.0,0.0,0.0,0.0,0.0,0.0,0.0,0.0,0.0,0.0,0.0
P161-PWY: acetylene degradation (anaerobic),0.0,0.0,0.0,0.0,0.0,0.0,0.0,0.0,0.0,0.0,0.0,0.0,0.0,0.0,0.0,0.0,0.0,0.0,0.0,0.0,0.0,0.0,3.367e-07,0.0,2.6382e-06,0.0,0.0,1.8e-09,0.0
P164-PWY: purine nucleobases degradation I (anaerobic),0.0,0.0,0.0,0.0,0.0,0.0,0.0,0.0,0.0,0.0,0.0,0.0,0.0,0.0,0.0,0.0,0.0,0.0,0.0,0.0,0.0,0.0,0.0,0.0,0.0,0.0,0.0,0.0,0.0
P185-PWY: formaldehyde assimilation III (dihydroxyacetone cycle),0.0,0.0,0.0,0.0,0.0,0.0,0.0,0.0,0.0,0.0,0.0,0.0,0.0,0.0,0.0,0.0,0.0,0.0,0.0,0.0,0.0,0.0,0.0,0.0,0.0,0.0,0.0,0.0,0.0
P41-PWY: pyruvate fermentation to acetate and (S)-lactate I,4.55e-08,0.0,1.443e-07,0.0,0.0,0.0,0.1026684404,0.0,0.0,0.0,0.0,0.0,0.0,0.0,0.0,0.0,0.0,0.0,0.0,0.0,0.0,0.0,4.078e-07,0.0,0.0021255998,0.0,7.2e-09,7.5e-09,0.0
P42-PWY: incomplete reductive TCA cycle,0.0,0.0,0.0,0.0,0.0,0.0,0.0,0.0,0.0,0.0,0.0,0.0,0.0,0.0,0.0,0.0,0.0,0.0,0.0,0.0,0.0,0.0,0.0,0.0,0.0,0.0,0.0,0.0,0.0
P441-PWY: superpathway of N-acetylneuraminate degradation,0.0,0.0,0.0,0.0,0.0,0.0,0.0,0.0,0.0,0.0,0.0,0.0,0.0,0.0,0.0,0.0,0.0,0.0,0.0,0.0,0.0,0.0,0.0,0.0,1.622e-07,0.0,0.0,0.0,0.0
"P461-PWY: hexitol fermentation to lactate, formate, ethanol and acetate",0.0,0.0,0.0,0.0,0.013583397,0.0,0.0,0.0,0.0,0.0,0.0,0.0,0.0,0.0,0.0,0.0,0.0,0.0,0.0,0.0,0.0,0.0,0.0,0.0,4.86e-08,0.0,0.0,0.0,0.0
PANTO-PWY: phosphopantothenate biosynthesis I,0.3282841677,0.0,6.47e-08,0.0,0.1818848571,0.0,3.5967e-06,0.0,0.0,1.95e-08,0.0,0.0,0.0,0.0013693084,0.0845841245,0.0,0.0,0.8697439115,1.81e-08,0.0,3.5605e-06,0.8990554923,0.0115333851,1.1216e-06,0.031368713,0.0,0.0,0.0,2.7e-09
PANTOSYN-PWY: superpathway of coenzyme A biosynthesis I (bacteria),0.0029834271,0.0,1.456e-07,0.0,0.0,0.0,8.0803e-06,0.0,0.0,4.38e-08,0.0,0.0,0.0,5.62711e-05,0.0180838991,0.0,0.0,1.45904e-05,0.0,0.0,4.04e-07,0.0064608785,0.0,0.0,0.0,0.0,0.0,0.0,6e-09
PENTOSE-P-PWY: pentose phosphate pathway,0.0,0.0,0.0,0.0,4.17442e-05,0.0,2.91798e-05,0.0,0.0,0.0,0.0,0.0,0.0,0.0,0.0,0.0,0.0,2.7e-09,1.4e-09,0.0,0.0,0.0,2.389e-07,0.0,5.87e-08,0.0,0.0,0.0,0.0
PEPTIDOGLYCANSYN-PWY: peptidoglycan biosynthesis I (meso-diaminopimelate containing),0.0173631436,0.8803956203,0.8926376339,0.6145568091,0.9999875753,0.9763009043,0.7173652604,0.9854095451,0.0925892209,0.8050285813,9e-10,0.0021685649,0.7382659604,0.9999999976,0.5269837415,0.1037582719,0.0006156061,0.9014849535,0.0769528404,0.8450549917,0.1970479048,0.3445742533,0.9382659262,0.9953417442,0.9968364359,0.8266771616,0.0001216059,0.9825017897,0.1017192731
PHOSLIPSYN-PWY: superpathway of phospholipid biosynthesis I (bacteria),0.0,0.0,0.0,0.0,0.0,0.0,0.0,0.0,0.0,0.0,0.0,0.0,0.0,0.0,0.0,0.0,0.0,0.0,0.0,0.0,0.0,0.0,0.0,0.0,0.0,0.0,0.0,0.0,0.0
POLYAMSYN-PWY: superpathway of polyamine biosynthesis I,0.0,0.0,0.0,0.0,0.0,0.0,0.0,0.0,0.0,0.0,0.0,0.0,0.0,0.0,0.0,0.0,0.0,0.0,0.0,0.0,0.0,0.0,0.0,0.0,0.0,0.0,0.0,0.0,0.0
POLYISOPRENSYN-PWY: polyisoprenoid biosynthesis (E. coli),0.0,0.0,0.0,0.0,0.0,0.0,0.0,0.0,0.0,0.0,0.0,0.0,0.0,0.0,0.0,0.0,0.0,0.0,0.0,0.0,0.0,0.0,0.0,0.0,0.0,0.0,0.0,0.0,0.0
PPGPPMET-PWY: ppGpp metabolism,0.0,0.0,0.0,0.0,0.0,0.0,0.0,0.0,0.0,0.0,0.0,0.0,0.0,0.0,0.0,0.0,0.0,0.0,0.0,0.0,0.0,0.0,0.0,0.0,0.0,0.0,0.0,0.0,0.0
PWY-1042: glycolysis IV,0.928278486,0.0,0.9977805877,0.0493786649,1.0,0.9991840384,0.9423595456,0.9998811177,0.9922131589,0.9977887208,0.0,0.0,0.2443655985,0.999999346,0.8984821276,4.37e-08,0.0,0.9836106522,0.4778535831,0.0,0.8393642016,0.8867095575,0.991062747,0.6230180922,0.99876125,2.69e-07,0.0,0.9304580103,0.9146344053
PWY-1269: CMP-3-deoxy-D-manno-octulosonate biosynthesis,0.0638080006,0.0,0.0,0.0,0.0,0.0,0.0,0.0,0.0,0.0,0.0,0.0,0.0,0.0,0.0319326994,0.0,0.0,5.724e-06,0.0,0.0,0.0,7.92e-08,0.0,0.0,0.0,0.0,0.0,0.0,9e-09
PWY-1861: formaldehyde assimilation II (assimilatory RuMP Cycle),0.0,0.0,0.0,0.0,0.0,0.0,0.0,0.0,0.0,0.0,0.0,0.0,0.0,0.0,0.0,0.0,0.0,0.0,0.0,0.0,0.0,0.0,0.0,0.0,0.0,0.0,0.0,0.0,0.0
"PWY-241: C4 photosynthetic carbon assimilation cycle, NADP-ME type",0.0,0.0,0.0,0.0,0.0368863847,0.0,0.0,7.83e-08,0.0,0.0,0.0,0.0,0.0,0.0,0.0,0.0,0.0,0.0,0.0,0.0,0.0,0.0,4e-10,0.0,1e-10,0.0,0.0,0.0,0.0
PWY-2941: L-lysine biosynthesis II,6.705e-07,0.9668279101,0.9759483843,0.2438738159,0.7556186057,0.0169884228,0.2086846785,0.0,1.80556e-05,0.0,6.3174e-06,0.0436151906,0.7721415165,0.0060581995,1.1506e-06,0.454649015,0.0637619492,0.7176516962,0.0001069911,0.1752930332,0.9897544961,0.0,0.9525386614,0.9986561327,0.4728323945,0.9952671765,0.3720205276,0.9994167931,0.2092836444
PWY-2942: L-lysine biosynthesis III,0.0068920092,0.0,0.0001713639,0.0,0.0,1.37e-07,8.6794e-06,0.0005796195,0.0,4.32e-08,0.0,0.0,0.0,0.0,0.0267993546,0.0,0.0,0.0,0.0,0.0,2.53e-08,0.0,0.0,0.0,0.0,0.0,0.0,0.0,0.2120877551
PWY-3001: superpathway of L-isoleucine biosynthesis I,0.0,0.0,0.0,0.0,0.3341562896,0.0,0.0,0.0,0.0,0.0,0.0,0.0,0.0,0.0,8.3466e-06,0.0,0.0,0.0,0.0,0.0,0.0,0.0,0.0,4e-10,0.0,0.0,0.0,0.0,0.0
PWY-3841: folate transformations II (plants),0.6071094675,0.8086277562,0.9998429469,0.1340323645,1.0,1.0,0.9904856963,0.0380285746,0.000601852,0.1228171656,0.0057121708,0.6472127311,0.6070079352,0.994828587,0.9271656791,0.7840349214,0.0709030978,0.7992444482,0.5974554954,0.9724118357,0.7553642726,0.5662561692,0.8918573277,0.7798090665,0.9999106508,0.9949773812,0.3372456673,0.9999999746,0.007846205
PWY-4041: &gamma;-glutamyl cycle,0.0,0.0,0.0,0.0,0.0,0.0,0.0,0.0,0.0,0.0,0.0,0.0,0.0,0.0,0.0,0.0,0.0,0.0,0.0,0.0,0.0,0.0,0.0,0.0,0.0,0.0,0.0,0.0,0.0
PWY-4984: urea cycle,0.0,0.0,0.0,0.0,0.0,0.0,0.0,0.0,0.0,0.0,0.0,0.0,0.0,0.0,0.0,0.0,0.0,0.0,0.0,0.0,0.0,0.0,0.0,0.0,0.0,0.0,0.0,0.0,0.0
PWY-5005: biotin biosynthesis II,0.0,0.0,0.0,0.0,0.0,0.0,0.0,0.0,0.0,0.0,0.0,0.0,0.0,0.0,0.0,0.0,0.0,0.0,0.0,0.0,0.0,0.0,0.0,0.0,0.0,0.0,0.0,0.0,0.0
PWY-5097: L-lysine biosynthesis VI,0.0047827001,0.996996255,0.9690415802,0.5769252142,0.9999835558,0.8019906472,0.9593877529,0.0003383059,0.0106053538,0.3562713786,5.5277e-06,0.0175321754,0.7830195817,0.9999571575,0.0623315108,0.0466293602,0.0138460627,0.7457984614,0.8237892005,0.2007597494,0.9786831355,0.8983213716,0.8890220065,0.998482074,0.9699398021,0.9840933363,0.0290626561,0.9993335334,0.1797779025
PWY-5100: pyruvate fermentation to acetate and lactate II,0.0114196804,0.0,1.443e-07,0.0,0.0,0.0,0.1026684404,0.0,0.0,0.0,0.0,0.0,0.0,0.0,0.1013372898,2.8499e-06,0.0,0.0,0.0,0.0,0.0,0.0032249126,4.078e-07,4.3823e-06,0.0021255998,0.0,7.2e-09,7.5e-09,1.57e-08
PWY-5103: L-isoleucine biosynthesis III,0.0227691323,0.0,0.3104669946,1.3029e-06,0.9957356019,0.7949505526,0.1721045318,0.9807047743,0.2356035452,0.6902258642,0.0,0.0,0.0,0.9981150399,0.0907154767,0.0,0.0,0.3712980577,0.0020397515,0.0,1e-09,0.9943448645,0.4536420214,0.0687739494,0.123137104,0.0044727921,0.0,0.0052925304,0.717180198
PWY-5104: L-isoleucine biosynthesis IV,0.0,0.0,0.0,0.0,0.0,0.0,0.0,0.0,0.0,0.0,0.0,0.0,0.0,0.0,0.0,0.0,0.0,0.0,0.0,0.0,0.0,0.0,0.0,0.0,0.0,0.0,0.0,0.0,0.0
PWY-5121: superpathway of geranylgeranyl diphosphate biosynthesis II (via MEP),0.0,0.0,0.0,0.0,0.0,0.0,0.0,0.0,0.0,0.0,0.0,0.0,0.0,0.0,1.64e-08,0.0,0.0,0.0,0.0,0.0,0.0,0.0,0.0,0.0,0.0,0.0,0.0,0.0,0.0
PWY-5136: fatty acid &beta;-oxidation II (plant peroxisome),0.0,0.0,0.0,0.0,0.0,0.0,0.0,0.0,0.0,0.0,0.0,0.0,0.0,0.0,0.0,0.0,0.0,0.0,0.0,0.0,0.0,0.0,0.0,0.0,0.0,0.0,0.0,0.0,0.0
"PWY-5138: fatty acid &beta;-oxidation IV (unsaturated, even number)",0.0,0.0,0.0,0.0,0.0,0.0,0.0,0.0,0.0,0.0,0.0,0.0,0.0,0.0,0.0,0.0,0.0,0.0,0.0,0.0,0.0,0.0,0.0,0.0,0.0,0.0,0.0,0.0,0.0
PWY-5154: L-arginine biosynthesis III (via N-acetyl-L-citrulline),0.0,0.0,0.0,0.0,0.0,0.0,0.0,0.0,0.0,0.0,0.0,0.0,0.0,0.0,3.8092e-06,0.0,0.0,0.0,2.1e-09,0.0,0.0,0.0,0.0,0.0,0.0,0.0,0.0,0.0,0.0
PWY-5188: tetrapyrrole biosynthesis I (from glutamate),0.1687435766,0.0,0.0,0.0,0.0,0.0,0.0,0.0,0.0,0.0,0.0,0.0,0.0,0.0,1.4e-09,0.0,0.0,8.7e-09,0.0,0.0,0.0,0.0,0.0,0.0,0.0,0.0,0.0,0.0,3e-09
PWY-5189: tetrapyrrole biosynthesis II (from glycine),0.0,0.0,0.0,0.0,0.0,0.0,0.0,0.0,0.0,0.0,0.0,0.0,0.0,0.0,0.0,0.0,0.0,0.0,0.0,0.0,0.0,0.0,0.0,0.0,0.0,0.0,0.0,0.0,0.0
PWY-5265: peptidoglycan biosynthesis II (staphylococci),0.0,0.0,0.0,0.0,0.0,0.0,0.0,0.0,0.0,0.0,0.0,0.0,0.0,0.0,0.0,0.0,0.0,0.0,0.0,0.0,0.0,0.0,0.0,0.0,0.0,0.0,0.0,0.0,0.0
PWY-5345: superpathway of L-methionine biosynthesis (by sulfhydrylation),0.0,0.0,0.0,0.0,0.0,0.0,0.0,0.0,0.0,0.0,0.0,0.0,0.0,0.0,0.0,0.0,0.0,0.0,0.0,0.0,0.0,0.0,0.0,0.0,0.0,0.0,0.0,0.0,0.0
PWY-5347: superpathway of L-methionine biosynthesis (transsulfuration),0.0,0.0,0.0,0.0,0.0,0.0,0.0,0.0,0.0,0.0,0.0,0.0,0.0,0.0,0.0,0.0,0.0,0.0,0.0,0.0,0.0,0.0,0.0,0.0,0.0,0.0,0.0,0.0,0.0
PWY-5384: sucrose degradation IV (sucrose phosphorylase),0.0007695671,0.9999999611,0.7391631664,0.943483852,0.7568656638,0.0,0.2043749167,0.0,1.4061e-06,3.308e-07,0.007826745,0.0007202837,0.6137129762,2e-10,0.0,0.8661860786,0.0730426356,1.05334e-05,1.5069e-06,0.8016503581,0.0427072214,0.0,0.7434135625,0.7343659887,0.8277391545,0.9770544744,0.36699587,0.9692888484,1.12e-08
PWY-5484: glycolysis II (from fructose 6-phosphate),0.0023054,0.0,0.0,0.0,0.8127236561,4.05e-08,3.40542e-05,0.0010534971,5.7e-09,4.4699e-06,0.0,0.0,0.0,0.0,0.1351028849,0.0,0.0,0.0285447794,1.2231e-05,0.0,0.0,0.0011809487,0.005315585,1e-10,0.0112495855,0.0,0.0,7.134e-07,1.83091e-05
PWY-5505: L-glutamate and L-glutamine biosynthesis,0.0,0.0,0.0,0.0,0.0,0.0,0.0,0.0,0.0,0.0,0.0,0.0,0.0,0.0,0.0,0.0,0.0,0.0,0.0,0.0,0.0,0.0,0.0,0.0,0.0,0.0,0.0,0.0,0.0
PWY-5659: GDP-mannose biosynthesis,0.0,0.0,0.0,0.0,0.0,0.0,0.0,0.0,0.0,0.0,0.0,0.0,0.0,0.0,1.4e-09,0.0,0.0,0.0,4.581e-07,0.0,0.0,4.00826e-05,0.0,0.0,0.0,0.0,0.0,0.0,0.0
PWY-5667: CDP-diacylglycerol biosynthesis I,0.1887787454,0.0,3.059e-07,0.0,0.382933873,0.3668329475,1.2321e-06,0.0009259309,0.0012573984,0.0014551211,0.0,0.0,0.0,0.0594861828,0.0417925345,0.0,0.0,0.0912218008,0.2766373114,0.0,2.7e-09,0.6301562237,0.9680379013,1e-10,0.050159526,1.63566e-05,0.0,1.29e-08,1.00615e-05
PWY-5675: nitrate reduction V (assimilatory),0.0,0.0,0.0,0.0,0.0410793318,0.0,0.0,0.0,0.0,0.0,0.0,0.0,0.0,0.0,0.0,0.0,0.0,0.0,0.0,0.0,0.0,0.0,0.0,0.0,0.0,0.0,0.0,0.0,0.0
PWY-5676: acetyl-CoA fermentation to butanoate II,0.0,0.0,0.0,0.0,0.0,0.0,0.0,0.0,0.0,0.0,0.0,0.0,0.0,0.0,0.0,0.0,0.0,0.0,0.0,0.0,0.0,0.0,0.0,0.0,0.0,0.0,0.0,0.0,0.0
PWY-5686: UMP biosynthesis I,0.9728937467,1.0,1.0,0.9999999649,1.0,1.0,0.9999814997,0.9999999999,0.9836590523,0.9999993597,0.9999948005,0.9996343939,0.9999782376,1.0,0.9779775625,0.8329993406,0.9137651463,0.9973647633,0.9999929655,0.9999361172,0.9999999981,0.1466847126,1.0,0.9402247697,1.0,0.9786018271,0.7832546105,1.0,0.9625342723
PWY-5690: TCA cycle II (plants and fungi),0.0,0.0,0.0,0.0,0.0,0.0,0.0,0.0,0.0,0.0,0.0,0.0,0.0,0.0,0.0,0.0,0.0,0.0,0.0,0.0,0.0,0.0,0.0,0.0,0.0,0.0,0.0,0.0,0.0
PWY-5695: inosine 5'-phosphate degradation,0.9933596349,0.0,0.0137645358,0.0,0.0002225356,0.0,0.541409569,0.0,0.0,0.0,0.0,0.0,4.7275e-05,3.05e-08,0.031184515,0.0,0.0,0.0018770537,0.0,0.0,0.0,0.214487354,0.1832576979,5.1334e-06,0.0210523594,0.0,0.0,3e-10,0.6803905281
PWY-5723: Rubisco shunt,0.0,0.0,0.0,0.0,0.0,0.0,0.0,0.0,0.0,0.0,0.0,0.0,0.0,0.0,0.0,0.0,0.0,0.0,0.0,0.0,0.0,0.0,0.0,0.0,0.0,0.0,0.0,0.0,0.0
PWY-5910: superpathway of geranylgeranyldiphosphate biosynthesis I (via mevalonate),0.0,0.0,0.0,0.0,0.0,0.0,0.0,0.0,0.0,0.0,0.0,0.0,0.0,0.0,0.0,0.0,0.0,0.0,0.0,0.0,0.0,0.0,0.0,0.0,0.0,0.0,0.0,0.0,0.0
PWY-5913: partial TCA cycle (obligate autotrophs),0.0,0.0,0.0,0.0,0.0,0.0,0.0,0.0,0.0,3.1e-09,0.0,0.0,0.0,0.0,0.0,0.0,0.0,0.0,0.0,0.0,0.0,0.0,0.0,0.0,0.0,0.0,0.0,0.0,0.0
PWY-5941: glycogen degradation II,0.0,0.0,0.0,0.001779469,0.9999999799,0.8359776055,0.994796852,0.8693542836,0.9611064893,0.8260237197,0.0,0.0,0.3988231764,0.9860617367,0.8810031231,5.1e-09,0.0,0.3585393101,0.8015078855,0.0,5.764e-07,0.0,1.81642e-05,0.1873658067,0.997975844,0.0,5.87e-08,0.9905609517,1.9e-09
PWY-5973: cis-vaccenate biosynthesis,0.0,0.0,0.7257756366,0.4032474617,0.0001590127,0.0012219959,0.385010755,0.0002486744,0.0189959473,0.3282189474,0.0,0.0,0.9948800505,0.4418339814,0.6481095473,5.589e-07,0.5247729148,0.1720284931,4.78229e-05,0.0,0.6819784701,1e-10,0.1279726289,0.0227182175,0.6194313071,0.0,1.767e-07,0.0005614894,2.075e-07
PWY-5981: CDP-diacylglycerol biosynthesis III,0.0002588909,0.6879802561,0.5727214906,6.79e-08,0.2597599159,1.38183e-05,8.35769e-05,0.0,0.0016489529,0.0014468622,0.0,3.1e-09,0.1982259147,5.24665e-05,0.0,0.1950413981,0.0,0.3429517521,0.0007432775,0.0454208059,0.8625639386,0.0,0.8422845492,0.0061086944,0.325243068,0.1961898465,1.86319e-05,0.9968997103,2.197e-06
PWY-5989: stearate biosynthesis II (bacteria and plants),0.0,0.0,0.0,0.0,0.0,0.0,0.0,0.0,0.0,0.0,0.0,0.0,0.0,0.0,0.0,0.0,0.0,0.0,0.0,0.0,0.0,0.0,0.0,0.0,0.0,0.0,0.0,0.0,0.0
PWY-6121: 5-aminoimidazole ribonucleotide biosynthesis I,0.2419915908,1.0,1.0,1.0,1.0,1.0,0.9982827614,0.9996669817,0.9998883108,0.9987105252,0.9886804431,0.9807214232,0.827929151,1.0,0.9925039582,0.9998691222,0.9938261432,0.9988572473,0.9999976775,0.9999999884,0.9999999965,0.937403651,1.0,0.9999994945,0.9999999999,1.0,0.7873630595,1.0,0.9999997402
PWY-6122: 5-aminoimidazole ribonucleotide biosynthesis II,0.2034393973,1.0,1.0,1.0,1.0,1.0,0.9994027601,0.9999999966,0.9998603924,0.9999851733,0.9858904823,0.9995939151,0.999962954,1.0,0.9944328468,0.9998642821,0.9922948748,0.999563689,0.9999970969,1.0,0.9999999957,0.9741352622,1.0,0.9999993682,0.9999999999,1.0,0.7495378204,1.0,0.9999996753
PWY-6123: inosine-5'-phosphate biosynthesis I,0.9527484304,1.0,0.9999995249,0.9999970234,0.9999999999,0.9908174833,0.7274444936,0.9999144564,0.8147902925,0.973827919,0.9999939221,0.9891788326,0.9659142482,0.9999997477,0.1953741097,0.9998466758,0.9997826548,0.9985996609,0.9999141218,0.9999995125,1.0,0.2187347145,0.9999999992,0.9999999993,0.9951911459,0.9999999966,0.7542941749,1.0,0.9990438301
PWY-6124: inosine-5'-phosphate biosynthesis II,0.9438289506,1.0,0.9999994495,0.9999963288,0.9999999999,0.9890011793,0.6898405268,0.9998973495,0.7856869235,0.9687570415,0.9999890604,0.1046965,0.9107734481,0.9999957963,0.1682917463,0.9997334889,0.2926265327,0.9983200638,0.9998970021,0.9998576306,1.0,0.190239398,0.9999999956,0.9999999991,0.9832759666,0.9999999959,0.662342668,1.0,0.9988528156
PWY-6125: superpathway of guanosine nucleotides de novo biosynthesis II,0.7005818976,0.0,6.37138e-05,0.0,0.0,0.0,0.0,0.0,0.0,0.0,0.0,0.0,0.0,0.0,0.0002719244,0.0,0.0,0.0105116122,0.0,0.0,1e-10,0.1651129732,5.7e-09,0.0,0.0,2.52069e-05,0.0,0.0,1.3487e-06
PWY-6126: superpathway of adenosine nucleotides de novo biosynthesis II,0.7888081723,0.0,6.5643e-05,0.0,0.0,0.0,0.0,0.0,0.0,0.0,0.0,0.0,0.0,0.0,0.0002722288,0.0,0.0,0.0156842957,0.0,0.0,1e-10,0.2661282642,5.7e-09,0.0,0.0,3.78088e-05,0.0,0.0,2.023e-06
PWY-6147: 6-hydroxymethyl-dihydropterin diphosphate biosynthesis I,3.88e-08,0.0,0.0,0.0,0.0,0.0,0.0,0.0,0.0,0.0,0.0,0.0,0.0,0.0,0.022939624,0.0,0.0,3.903e-07,0.0,0.0,0.0,0.0,0.0,0.0,3.2e-09,0.0,0.0,0.0,1.9572e-06
PWY-6151: S-adenosyl-L-methionine salvage I,0.0,0.9999562318,0.9999789441,0.9999800518,0.6602946095,0.9297965922,0.9661554095,0.0003785487,0.8063843616,0.9864771782,0.0,0.8367638083,0.9999999999,0.9999595963,0.9983128395,0.2250324714,0.8258140269,0.9999827042,0.9951963847,0.8364656031,0.941059576,0.0929265096,0.0001814991,0.0014951078,0.999133918,0.9939395512,0.726576645,0.9999999781,0.2732699919
PWY-6163: chorismate biosynthesis from 3-dehydroquinate,0.8758399838,0.0,4e-10,0.0,4.641e-07,0.2372449695,0.0651997052,0.0146563851,0.0398239072,0.0565736244,0.0,0.0,0.0,0.6616509101,0.9574106949,0.0,0.0,0.0196779264,0.2413080522,0.0,0.0,0.0427457272,4.08326e-05,0.0020237575,0.0163570346,0.0,0.0,1.9e-09,0.0013152048
PWY-621: sucrose degradation III (sucrose invertase),0.0,0.0,0.0,0.0,0.0,0.0,0.0,0.0,0.0,0.0,0.0,0.0,0.0,0.0,0.0,0.0,0.0,0.0,0.0,0.0,0.0,0.0,0.0,0.0,0.0,0.0,0.0,4.6e-09,0.0
PWY-6270: isoprene biosynthesis I,0.0,0.0,0.0,0.0,2.7764e-06,1.5e-09,1.2695e-06,0.0,0.0,0.0,0.0,0.0,0.0,0.0,0.0009026315,0.0,0.0,9.93552e-05,0.0,0.0,0.0,0.0,3e-10,0.0,2.0681e-06,0.0,0.0,0.0,4.4e-08
PWY-6277: superpathway of 5-aminoimidazole ribonucleotide biosynthesis,0.2034393973,1.0,1.0,1.0,1.0,1.0,0.9994027601,0.9999999966,0.9998603924,0.9999851733,0.9858904823,0.9995939151,0.999962954,1.0,0.9944328468,0.9998642821,0.9922948748,0.999563689,0.9999970969,1.0,0.9999999957,0.9741352622,1.0,0.9999993682,0.9999999999,1.0,0.7495378204,1.0,0.9999996753
PWY-6282: palmitoleate biosynthesis I (from (5Z)-dodec-5-enoate),0.0,0.0,0.0,0.0,7.1e-09,0.0,0.0,0.0,0.0,0.0,0.0,0.0,0.0,0.0,2.1e-08,0.0,0.0,0.0,0.0,0.0,0.0,0.0,0.0,0.0,0.0,0.0,0.0,0.0,0.0
PWY-6292: superpathway of L-cysteine biosynthesis (mammalian),0.0,0.0,0.0,0.0,0.0,0.0,1e-10,0.0,0.0,0.0,0.0,0.0,1e-10,0.0,0.0,0.0,0.0,1e-10,0.0,0.0,0.0,0.0,1.24437e-05,0.0,0.0,0.0,0.0,0.0,0.0
PWY-6293: superpathway of L-cysteine biosynthesis (fungi),0.0,0.0,0.0,0.0,0.0,0.0,0.0,0.0,0.0,0.0,0.0,0.0,0.0,0.0,0.0,0.0,0.0,0.0,0.0,0.0,0.0,0.0,0.0,0.0,0.0,0.0,0.0,0.0,0.0
PWY-6305: superpathway of putrescine biosynthesis,0.0,0.0,0.0,0.0,0.0,0.0,0.0,0.0,0.0,0.0,0.0,0.0,0.0,0.0,0.0,0.0,0.0,0.0,0.0,0.0,0.0,0.0,0.0,0.0,0.0,0.0,0.0,0.0,0.0
PWY-6317: D-galactose degradation I (Leloir pathway),0.0407765646,0.8593899801,0.9526707293,0.2862058337,0.9999998511,0.7721384119,0.288305482,0.2360189782,0.0075986976,0.4666188179,0.0054546059,0.0534427798,0.8958950782,0.986481273,0.6477067596,0.9540219071,0.5918068526,0.8079651207,0.7181086351,0.055767166,0.922384224,5.32e-08,0.60162219,0.9977821093,0.9985102061,0.8142170589,2.88491e-05,0.9982243699,0.0020761387
PWY-6353: purine nucleotides degradation II (aerobic),0.0,0.0,0.0,0.0,0.0,0.0,0.0,0.0,0.0,0.0,0.0,0.0,0.0,0.0,0.0,0.0,0.0,0.0,0.0,0.0,0.0,0.0,0.0,0.0,0.0,0.0,0.0,0.0,0.0
PWY-6385: peptidoglycan biosynthesis III (mycobacteria),0.7830135793,0.0,0.0021596051,0.0,0.9999114728,0.9763009043,0.3979479866,0.9854095451,0.0074753552,0.0,0.0,0.0,0.0379392022,0.8843126402,0.3468717348,2.61e-08,0.0,0.0084625606,5.09451e-05,0.0,0.0001341003,0.1060185459,0.000727911,0.2029783506,0.9749029016,0.0,7.4157e-06,0.0,0.9062823914
PWY-6386: UDP-N-acetylmuramoyl-pentapeptide biosynthesis II (lysine-containing),0.8414085895,0.9464289681,0.9522776018,0.592890585,0.9999869272,0.9999843396,0.6296472457,0.9889630795,0.5855674573,0.7943332946,9e-10,0.0051835952,0.8729340844,0.9999999988,0.7391942118,0.2175279258,0.0013331061,0.957480096,0.9609107109,0.9608115584,0.2894605244,0.2073278411,0.9695435264,0.9969925287,0.9970136752,0.9196591859,0.000290581,0.9927457144,0.9430491051
PWY-6387: UDP-N-acetylmuramoyl-pentapeptide biosynthesis I (meso-diaminopimelate containing),0.8310842271,0.8548399418,0.8693087082,0.5703877042,0.9999844691,0.9999810505,0.6700704109,0.9878913494,0.5371336794,0.7676217173,7e-10,0.0017534888,0.7072564387,0.9999999985,0.7707988449,0.0854696881,0.0004925729,0.9039412496,0.9465210188,0.8946184517,0.2483264716,0.3245402219,0.924007846,0.9945592944,0.9960653275,0.7923443957,9.73691e-05,0.9787525539,0.8894193097
PWY-6470: peptidoglycan biosynthesis V (&beta;-lactam resistance),0.0,0.0,0.0,0.0,0.0,0.0,0.0,0.0,0.0,0.0,0.0,0.0,0.0,0.0,0.0,0.0,0.0,0.0,0.0,0.0,0.0,0.0,0.0,0.0,0.0,0.0,0.0,0.0,0.0
PWY-6507: 4-deoxy-L-threo-hex-4-enopyranuronate degradation,0.0,0.0,0.0,0.0,3.531e-07,0.0,0.0,0.0,0.0,0.000823821,0.0,0.0,0.0,0.0,0.0,0.0,0.0,0.0,0.0,0.0,0.0,0.0,0.0,0.0,0.0,0.0,0.0,1.04e-08,0.0
PWY-6519: 8-amino-7-oxononanoate biosynthesis I,0.0,0.0,0.0,0.0,0.0,0.0,0.0,0.0,0.0,0.0,0.0,0.0,0.0,0.0,0.0,0.0,0.0,0.0,0.0,0.0,0.0,0.0,0.0,0.0,0.0,0.0,0.0,0.0,0.0
PWY-6527: stachyose degradation,0.1411543213,0.9844733272,0.9645402819,0.7612543085,0.9999999008,0.5614519646,0.3766531046,4.337e-07,0.0015486716,0.0071957179,0.0144675554,0.5297016476,0.9985948678,0.9697795581,0.0003008988,0.9905218239,0.9431660659,0.9950997365,0.5178561313,0.8390379804,0.2548704629,8.2e-09,0.5559386121,0.6364168813,0.9990062598,0.8718830028,0.0596837447,0.9988155773,0.1204165849
PWY-6531: mannitol cycle,0.0,0.0,0.0,0.0,0.0,0.0,0.0,0.0,0.0,0.0,0.0,0.0,0.0,0.0,0.0,0.0,0.0,0.0,0.0,0.0,0.0,0.0,0.0,0.0,0.0,0.0,0.0,0.0,0.0
PWY-6545: pyrimidine deoxyribonucleotides de novo biosynthesis III,0.0,0.0,5.46124e-05,0.0,0.0,0.0,0.0,0.0,0.0,0.0,0.0,0.0,0.0,0.0,0.0002330544,0.0,0.0,0.0001280622,0.0,0.0,1e-10,0.0,4.9e-09,0.0,0.0,2.06003e-05,0.0,0.0,9.88e-07
PWY-6549: L-glutamine biosynthesis III,0.0,0.0,0.0,0.0,0.0,0.0,0.0,0.0,0.0,0.0,0.0,0.0,0.0,0.0,0.0,0.0,0.0,0.0,0.0,0.0,0.0,0.0,0.0,0.0,0.0,0.0,0.0,0.0,0.0
PWY-6588: pyruvate fermentation to acetone,0.0,0.0,0.0,0.0,0.0,0.0,0.0,0.0,0.0,0.0,0.0,0.0,0.0,0.0,0.0,0.0,0.0,0.0,0.0,0.0,0.0,0.0,0.0,0.0,0.0,0.0,0.0,0.0,0.0
PWY-6590: superpathway of Clostridium acetobutylicum acidogenic fermentation,0.0,0.0,0.0,0.0,0.0,0.0,0.0,0.0,0.0,0.0,0.0,0.0,0.0,0.0,0.0,0.0,0.0,0.0,0.0,0.0,0.0,0.0,0.0,0.0,0.0,0.0,0.0,0.0,0.0
PWY-6595: superpathway of guanosine nucleotides degradation (plants),0.0,0.0,0.0,0.0,0.0,0.0,0.0,0.0,0.0,0.0,0.0,0.0,0.0,0.0,0.0,0.0,0.0,0.0,0.0,0.0,0.0,0.0,0.0,0.0,0.0,0.0,0.0,0.0,0.0
PWY-6606: guanosine nucleotides degradation II,0.0,0.0,0.0,0.0,0.0,0.0,0.0,0.0,0.0,0.0,0.0,0.0,0.0,0.0,0.0,0.0,0.0,0.0,0.0,0.0,0.0,0.0,0.0,0.0,0.0,0.0,0.0,0.0,0.0
PWY-6607: guanosine nucleotides degradation I,0.0,0.0,0.0,0.0,0.0,0.0,0.0,0.0,0.0,0.0,0.0,0.0,0.0,0.0,0.0,0.0,0.0,0.0,0.0,0.0,0.0,0.0,0.0,0.0,0.0,0.0,0.0,0.0,0.0
PWY-6608: guanosine nucleotides degradation III,0.0,0.0,0.0,0.0,0.0,0.0,0.0,0.0,0.0,0.0,0.0,0.0,0.0,0.0,0.0,0.0,0.0,0.0,0.0,0.0,0.0,0.0,0.0,0.0,0.0,0.0,0.0,0.0,0.0
PWY-6609: adenine and adenosine salvage III,0.9949954854,0.0,0.0092528846,0.2207375278,0.7563254667,0.999999416,0.9999887685,0.0113110797,0.0173527193,0.9977207584,0.0,0.0,3.15178e-05,0.1602757568,0.0210948393,0.0,0.0,0.001252843,0.9996989975,0.0,1.246e-07,0.4723589435,0.7313199334,0.9826409305,0.0162167114,0.5916482926,0.0,2e-10,0.9587915112
PWY-6628: superpathway of L-phenylalanine biosynthesis,0.0,0.0,0.0,0.0,0.0,0.0,0.0,0.0,0.0,0.0,0.0,0.0,0.0,0.0,0.0,0.0,0.0,0.0,0.0,0.0,0.0,0.0,0.0,0.0,0.0,0.0,0.0,0.0,0.0
PWY-6629: superpathway of L-tryptophan biosynthesis,0.0001676568,0.0,0.0,0.0,4e-10,0.0,0.0,0.0,0.0,0.0,0.0,0.0,0.0,0.0,0.0,0.0,0.0,0.0,0.0,0.0,0.0,0.0,0.0,0.0,4.6725e-06,0.0,0.0,0.0,0.0
PWY-6630: superpathway of L-tyrosine biosynthesis,0.0,0.0,0.0,0.0,0.0,0.0,0.0,0.0,0.0,0.0,0.0,0.0,0.0,0.0,0.0,0.0,0.0,0.0,0.0,0.0,0.0,0.0,0.0,0.0,0.0,0.0,0.0,0.0,0.0
PWY-6700: queuosine biosynthesis I (de novo),0.1047597341,0.0,0.031776358,0.0,0.3137723919,0.0001340758,1.4e-09,0.2467254059,0.0005485021,0.4569269891,0.0,0.0,0.0,0.0040063173,0.9473154683,0.0,0.0,0.0001130327,0.0372474079,0.0,0.003058686,0.8891646709,0.0001985701,2.66893e-05,0.0338884252,0.0,0.0,0.0,0.0
PWY-6703: preQ0 biosynthesis,0.8742129445,0.0,3.21e-08,0.0,2.042e-07,0.0,7.81438e-05,0.0,0.0,0.0,0.0,0.0,0.0,0.0,0.2275174833,0.0,0.0,2.5161e-05,0.0,0.0,0.0,0.3194756106,0.0008147881,4.996e-07,0.0069845306,0.0,0.0,0.0,5e-10
PWY-6731: starch degradation III,0.0,0.0,0.0,0.0,0.0,0.0,0.0,0.0,0.0,0.0,0.0,0.0,0.0,0.0,0.0,0.0,0.0,0.0,0.0,0.0,0.0,0.0,0.0,0.0,0.0,0.0,0.0,0.0,0.0
PWY-6803: phosphatidylcholine acyl editing,0.0,0.0,0.0,0.0,0.0,0.0,0.0,0.0,0.0,0.0,0.0,0.0,0.0,0.0,0.0,0.0,0.0,0.0,0.0,0.0,0.0,0.0,0.0,0.0,0.0,0.0,0.0,0.0,0.0
PWY-6823: molybdopterin biosynthesis,0.4256279057,0.0,0.0,0.0,0.0,0.0,0.0041517863,3.2e-09,0.0,5.04054e-05,0.0,0.0,8.7e-09,0.0,8.52272e-05,0.0,0.0,0.0,1.4806e-05,0.0,3.82e-08,6.14e-07,0.0,0.0014657188,0.0,0.0,0.0,0.0,0.3427580795
PWY-6859: all-trans-farnesol biosynthesis,0.0,0.0,0.0,0.0,0.0,0.0,0.0,0.0,0.0,0.0,0.0,0.0,0.0,0.0,0.0,0.0,0.0,0.0,0.0,0.0,0.0,0.0,0.0,0.0,0.0,0.0,0.0,0.0,0.0
PWY-6892: thiazole component of thiamine diphosphate biosynthesis I,3.66526e-05,0.0,0.0,0.0,0.0,0.0,0.0,0.0,0.0,0.0,0.0,0.0,0.0,0.0,1.51345e-05,0.0,0.0,0.0,0.0,0.0,0.0,0.0,8.522e-07,0.0,0.0,0.0,0.0,0.0,0.0
PWY-6895: superpathway of thiamine diphosphate biosynthesis II,0.0,0.0,0.0,0.0,0.0,0.0,0.0,0.0,0.0,0.0,0.0,0.0,0.0,0.0,8e-10,0.0,0.0,0.0,0.0,0.0,0.0,0.0,2e-09,0.0,0.0,0.0,0.0,0.0,0.0
PWY-6897: thiamine diphosphate salvage II,0.0,0.0,6e-10,0.0,3.22154e-05,1e-09,2.85e-08,0.0,9.9394e-06,2.218e-07,0.0,0.0,0.0,0.0221106283,5e-10,0.0,0.0,3.21827e-05,0.0,0.0,0.0,0.00719916,0.4609229687,8.9e-08,0.1108437408,0.0,0.0,1.2202e-06,0.0
PWY-6901: superpathway of glucose and xylose degradation,0.0,0.0,0.0,0.0,0.0,0.0,0.0,0.0,0.0,0.0,0.0,0.0,0.0,0.0,0.0,0.0,0.0,0.0,0.0,0.0,0.0,0.0,0.0,0.0,0.0,0.0,0.0,0.0,0.0
PWY-6902: chitin degradation II (Vibrio),0.0,0.0,0.0,0.0,0.0,0.0,0.0,0.0,0.0,0.0,0.0,0.0,0.0,0.0,0.0,0.0,0.0,0.0,0.0,0.0,0.0,0.0,0.0,0.0,0.0,0.0,0.0,0.0,0.0
PWY-6936: seleno-amino acid biosynthesis (plants),0.0,0.0,0.0,0.0,0.0,0.0,0.0002244533,0.0,0.0,0.0,0.0,0.0,0.0004018004,0.0,7.4e-09,0.0,0.0,0.0,0.0,0.0,0.0,0.0,0.0,4.31e-08,1.92979e-05,0.0,0.0,0.0,0.0
PWY-6969: TCA cycle V (2-oxoglutarate synthase),0.0,0.0,0.0,0.0,0.0,0.0,0.0,0.0,0.0,0.0,0.0,0.0,0.0,0.0,0.0,0.0,0.0,0.0,0.0,0.0,0.0,0.0,0.0,0.0,0.0,0.0,0.0,0.0,0.0
"PWY-6992: 1,5-anhydrofructose degradation",0.0,0.0,0.0,0.0,0.0,0.0,0.0,0.0,0.0,0.0,0.0,0.0,0.0,0.0,0.0,0.0,0.0,0.0,0.0,0.0,0.0,0.0,0.0,0.0,0.0,0.0,0.0,0.0,0.0
"PWY-7013: (S)-propane-1,2-diol degradation",0.0,0.0,0.0,0.0,0.0,0.0,0.0,0.0,0.0,0.0,0.0,0.0,0.0,0.0,0.0,0.0,0.0,4.645e-06,0.0,0.0,0.0,0.0,0.0,0.0,0.0,0.0,0.0,0.0,0.0
PWY-702: L-methionine biosynthesis II,0.0,0.0,0.0,0.0,0.0,0.0,0.0,0.0,0.0,0.0,0.0,0.0,0.0,0.0,0.0,0.0,0.0,0.0,0.0,0.0,0.0,0.0,0.0,0.0,0.0,0.0,0.0,0.0,0.0
PWY-7111: pyruvate fermentation to isobutanol (engineered),2.16e-08,0.0,0.0,0.0,0.9957561884,1.469e-07,0.9396526995,0.0017973228,0.007295303,0.0,0.0,0.0,0.0,0.0011783897,5.99105e-05,0.0,0.0,9.3251e-06,0.4756560159,0.0,0.0,0.0,2.4139e-06,0.043137466,3.3036e-06,0.0,0.0,2.4e-09,0.0001218556
"PWY-7115: C4 photosynthetic carbon assimilation cycle, NAD-ME type",0.0,0.0,0.0,0.0,0.0,0.0,0.0,0.0,0.0,0.0,0.0,0.0,0.0,0.0,0.0,0.0,0.0,0.0,0.0,0.0,0.0,0.0,0.0,0.0,0.0,0.0,0.0,0.0,0.0
"PWY-7117: C4 photosynthetic carbon assimilation cycle, PEPCK type",0.0,0.0,0.0,0.0,0.0396406869,0.0,0.0,0.0,0.0,0.0,0.0,0.0,0.0,0.0,0.0,0.0,0.0,0.0,0.0,0.0,0.0,0.0,0.0,0.0,0.0,0.0,0.0,0.0,0.0
PWY-7184: pyrimidine deoxyribonucleotides de novo biosynthesis I,0.0,0.0,5.46124e-05,0.0,0.0,0.0,0.0,0.0,0.0,0.0,0.0,0.0,0.0,0.0,0.0002330565,0.0,0.0,0.0101280855,0.0,0.0,1e-10,0.0,4.9e-09,0.0,0.0,2.4306e-05,0.0,0.0,1.3004e-06
PWY-7185: UTP and CTP dephosphorylation I,0.0,0.0,0.7370761899,0.0,0.0003337742,0.0,0.6321270673,0.0,0.0,0.0,0.0,0.0,0.6268848548,4.58e-08,0.7890369312,5.8041e-06,0.0,0.7187813946,0.0,0.0,0.0,0.0,0.2523817619,7.7001e-06,0.11017382,0.0,0.0,5.0157e-05,0.7670864687
PWY-7197: pyrimidine deoxyribonucleotide phosphorylation,0.5950680483,0.0,0.0004127729,0.0,0.0,0.0,0.0,0.0,0.0,0.0,0.0,0.0,0.0,0.0,0.0437204767,0.0,0.0,0.0060343356,0.0,0.0,0.0,0.1176908419,3.0672e-06,0.0,0.0,1.44049e-05,0.0,0.0,7.707e-07
PWY-7198: pyrimidine deoxyribonucleotides de novo biosynthesis IV,0.3658369283,0.0,6.37138e-05,0.0,0.0,0.0,0.0,0.0,0.0,0.0,0.0,0.0,0.0,0.0,0.0018894361,0.0,0.0,0.0104957647,0.0,0.0,1e-10,0.1593890492,5.2802e-06,0.0,0.0,3.75472e-05,0.0,0.0,1.3485e-06
PWY-7199: pyrimidine deoxyribonucleosides salvage,0.045519373,0.0,0.0664424609,0.0001819663,0.0,0.9999951184,0.6517567839,0.0559701644,0.0001128531,0.1735750685,0.0,0.0,0.0,0.8095160385,0.9601601654,0.0,0.0,0.7924944461,0.0443102742,0.0,0.0001236675,0.6858459654,0.6608001534,0.9213588527,0.0001261506,0.0,0.0,0.2999483001,0.0116997323
PWY-7204: pyridoxal 5'-phosphate salvage II (plants),0.0,0.0,0.0,0.0,0.0,0.0,0.0,0.0,0.0,0.0,0.0,0.0,0.0,0.0,0.0,0.0,0.0,0.0,0.0,0.0,0.0,0.0,0.0,0.0,0.0,0.0,0.0,0.0,0.0
PWY-7208: superpathway of pyrimidine nucleobases salvage,0.6879545582,0.0,0.0006190317,0.0,0.0,0.0,0.0,0.0,0.0,0.0,0.0,0.0,0.0,0.0,0.0700538689,0.0,0.0,0.0090242977,0.0,0.0,1e-10,0.164508758,4.6009e-06,0.0,0.0,2.16071e-05,0.0,0.0,1.156e-06
PWY-7210: pyrimidine deoxyribonucleotides biosynthesis from CTP,0.0,0.0,8.59646e-05,0.0,0.0,0.0,0.0,0.0,0.0,0.0,0.0,0.0,0.0,0.0,0.0003874064,0.0,0.0,0.0112534566,0.0,0.0,1e-10,0.0,8.1e-09,0.0,0.0,2.70066e-05,0.0,0.0,1.445e-06
PWY-7211: superpathway of pyrimidine deoxyribonucleotides de novo biosynthesis,0.0,0.0,0.0,0.0,0.0,0.0,0.0,0.0,0.0,0.0,0.0,0.0,0.0,0.0,0.0,0.0,0.0,0.0,0.0,0.0,0.0,0.0,0.0,0.0,0.0,0.0,0.0,0.0,0.0
PWY-7220: adenosine deoxyribonucleotides de novo biosynthesis II,0.6154944468,0.0,2.81338e-05,0.0,0.0,0.0,0.0,0.0,0.0,0.0,0.0,0.0,0.0,0.0,0.0001166877,0.0,0.0,0.00678263,0.0,0.0,0.0,0.1345104118,2.4e-09,0.0,0.0,1.62041e-05,0.0,0.0,8.67e-07
PWY-7221: guanosine ribonucleotides de novo biosynthesis,0.9048173058,1.0,0.9998685576,0.9999718046,1.0,1.0,0.9999937564,0.9999938756,3.212e-07,0.9999999996,4.5546e-06,0.9999466684,0.999803815,0.9999999997,0.4751073579,0.9921095787,2.2582e-06,0.9999994888,0.9935805667,1.0,0.9708794156,0.2347953367,0.9999965171,1.0,0.9999970715,1.0,0.9005359617,0.999999974,0.4704714979
PWY-7222: guanosine deoxyribonucleotides de novo biosynthesis II,0.6154944468,0.0,2.81338e-05,0.0,0.0,0.0,0.0,0.0,0.0,0.0,0.0,0.0,0.0,0.0,0.0001166877,0.0,0.0,0.00678263,0.0,0.0,0.0,0.1345104118,2.4e-09,0.0,0.0,1.62041e-05,0.0,0.0,8.67e-07
PWY-7228: superpathway of guanosine nucleotides de novo biosynthesis I,0.7421585979,0.0,0.0006190317,0.0,0.0,0.0,0.0,0.0,0.0,0.0,0.0,0.0,0.0,0.0,0.0682711612,0.0,0.0,0.0134738718,0.0,0.0,1e-10,0.1885533432,4.6009e-06,0.0,0.0,3.24078e-05,0.0,0.0,1.734e-06
PWY-7229: superpathway of adenosine nucleotides de novo biosynthesis I,0.8612054485,0.0,0.0001092188,0.0,0.0,0.0,0.0,0.0,0.0,0.0,0.0,0.0,0.0,0.0,0.0004661061,0.0,0.0,0.0265860335,0.0,0.0,2e-10,0.3814579659,9.7e-09,0.0,0.0,6.48082e-05,0.0,0.0,3.468e-06
PWY-7234: inosine-5'-phosphate biosynthesis III,0.0,1.0,0.9996516831,0.9999961511,0.9999929495,0.8826422549,0.0396862182,0.0384953494,0.2558089385,0.03302109,0.9999939221,0.1231043584,0.9318076522,0.9999963721,0.0,0.9998466758,0.3317245803,0.9611190974,0.8881469698,0.9998815185,0.9999994177,0.0,0.9999999992,0.9999999944,0.9837591312,0.9999984972,0.7542941749,1.0,0.9975704149
"PWY-7237: myo-, chiro- and scyllo-inositol degradation",0.8002000169,0.0,0.0,0.0,0.0,0.0,0.0,0.0,0.0,0.0,0.0,0.0,0.0,0.0,2e-10,0.0,0.0,0.0,0.0,0.0,0.0,0.0,2.18e-08,0.0013922445,0.0,0.0,0.0,0.0,4.57814e-05
PWY-7238: sucrose biosynthesis II,0.0,0.0,0.0,0.0011870168,1.0,0.9999999792,0.9960431518,0.9999996694,0.999991085,0.999999717,0.0,0.0,0.3066482706,0.979237303,0.9133623784,3.4e-09,0.0,0.2714943923,0.9999862704,0.0,3.843e-07,0.9999990386,1.21095e-05,0.1332315515,0.996966861,0.0,3.92e-08,0.9859079354,1.3e-09
PWY-7242: D-fructuronate degradation,0.0,0.0,0.0,0.0,0.0,0.0,0.0,1.35e-07,1e-10,0.0005188262,0.0,0.0,0.0,0.0,0.0,0.0,0.0,0.0,1e-10,0.0,0.0,0.0002563601,0.0,0.0,1.3702e-06,0.0,0.0,9.9e-09,0.0
"PWY-724: superpathway of L-lysine, L-threonine and L-methionine biosynthesis II",8.84374e-05,0.0,0.0984462263,0.2714102465,0.8440304467,0.0435856813,0.011709617,0.0,2.25487e-05,0.0068964544,0.0,0.0,6.25e-08,0.8626432258,1.18279e-05,4.98933e-05,1.2e-09,0.2224483234,0.2011022675,0.0009036753,0.0112815809,0.0,0.1407291727,3.62097e-05,0.9435931688,0.0995559915,0.0011960765,5.78e-08,0.0373250964
PWY-7282: 4-amino-2-methyl-5-diphosphomethylpyrimidine biosynthesis II,0.0,0.0,0.0,0.0,0.0,0.0,0.0,0.0,3e-10,0.0,0.0,0.0,0.0,0.0,0.0,0.0,0.0,0.0,0.0,0.0,0.0,0.0,0.0,0.0,0.0,0.0,0.0,0.0,0.0
PWY-7315: dTDP-N-acetylthomosamine biosynthesis,0.0,0.0,0.0,0.0,0.0,0.0,0.0,0.0,0.0,0.0,0.0,0.0,0.0,0.0,0.0,0.0,0.0,0.0,0.0,0.0,0.0,0.0,0.0,0.0,0.0,0.0,0.0,0.0,0.0
PWY-7323: superpathway of GDP-mannose-derived O-antigen building blocks biosynthesis,0.0,0.0,0.0,0.0,0.0,0.0,0.0,0.0,0.0,0.0,0.0,0.0,0.0,0.0,0.0,0.0,0.0,0.0,0.0,0.0,0.0,0.0,0.0,0.0,0.0,0.0,0.0,0.0,0.0
PWY-7328: superpathway of UDP-glucose-derived O-antigen building blocks biosynthesis,0.6578227662,0.0,0.0,0.0,3.0633e-06,0.0,0.0,0.0,0.0,0.0,0.0,0.0,0.0,0.0,4.55e-08,0.0,0.0,0.0,0.0,0.0,0.0,0.0,0.0,0.0,0.0,0.0,0.0,0.0,0.0
PWY-7345: superpathway of anaerobic sucrose degradation,0.0,0.0,0.0,0.0,0.0,0.0,0.0,0.0,0.0,0.0,0.0,0.0,0.0,0.0,0.0,0.0,0.0,0.0,0.0,0.0,0.0,0.0,0.0,0.0,0.0,0.0,0.0,0.0,0.0
PWY-7356: thiamine diphosphate salvage IV (yeast),0.0,0.0,0.0,0.0,0.0,0.0,0.0,0.0,0.0,0.0,0.0,0.0,0.0,0.0,0.0,0.0,0.0,0.0,0.0,0.0,0.0,0.0,0.0,0.0,0.0,0.0,0.0,0.0,0.0
PWY-7357: thiamine phosphate formation from pyrithiamine and oxythiamine (yeast),0.0,0.0,0.6620871637,0.0020318965,0.5972986966,0.0900664579,3.18518e-05,0.0,0.0001028372,0.9952597027,0.0,0.0,7.9e-09,0.1808995626,4e-10,0.0,0.0,1.97776e-05,0.3677835998,0.0,0.0,0.0103227878,0.6323463546,3.945e-07,0.5669691933,0.0,0.0,0.7426355258,0.002741259
"PWY-7371: 1,4-dihydroxy-6-naphthoate biosynthesis II",0.0,0.0,0.0,0.0,0.0,0.0,0.0,0.0,0.0,0.0,0.0,0.0,0.0,0.0,0.0,0.0,0.0,0.0,0.0,0.0,0.0,0.0,0.0,5e-10,0.0,0.0,0.0,0.0,1.0704e-06
"PWY-7383: anaerobic energy metabolism (invertebrates, cytosol)",0.0,0.0,0.0,0.0,0.0,0.0,0.0,0.0,0.0,0.0,0.0,0.0,0.0,0.0,0.0,0.0,0.0,0.0,0.0,0.0,0.0,0.0,0.0,0.0,0.0,0.0,0.0,0.0,0.0
"PWY-7388: octanoyl-[acyl-carrier protein] biosynthesis (mitochondria, yeast)",0.0,0.0,0.0,0.0,0.0,0.0,0.0,0.0,0.0,0.0,0.0,0.0,0.0,0.0,0.0,0.0,0.0,0.0,0.0,0.0,0.0,0.0,0.0,0.0,0.0,0.0,0.0,0.0,0.0
PWY-7392: taxadiene biosynthesis (engineered),0.0,0.0,0.0,0.0,0.0,0.0,0.0,0.0,0.0,0.0,0.0,0.0,0.0,0.0,0.0,0.0,0.0,0.0,0.0,0.0,0.0,0.0,0.0,0.0,0.0,0.0,0.0,0.0,0.0
PWY-7400: L-arginine biosynthesis IV (archaebacteria),0.0,0.0,0.0,0.0,0.0,0.0,0.0,0.0,0.0,0.0,0.0,0.0,0.0,0.0,0.0,0.0,0.0,0.0,1.85e-08,0.0,0.0,0.0,0.0,0.0,0.0,0.0,0.0,0.0,0.0
"PWY-7456: &beta;-(1,4)-mannan degradation",0.0,0.0,0.0,0.0,0.0,0.0,0.0,0.0,0.0,0.0,0.0,0.0,0.0,0.0,0.0,0.0,0.0,0.0,0.0,0.0,0.0,0.0,0.0,0.0,0.0,0.0,0.0,0.0,0.0
PWY-7560: methylerythritol phosphate pathway II,0.0,0.0,2.4954e-06,0.0,3.5673e-06,1.3e-09,1.1108e-06,0.0,3e-10,0.0,0.0,0.0,0.0,0.0,0.0007949479,0.0,0.0,0.0001082301,0.0,0.0,7e-10,0.0,3e-10,0.0,1.8623e-06,0.0,0.0,0.0,3.85e-08
PWY-7663: gondoate biosynthesis (anaerobic),1.03e-08,0.0,0.6792165784,0.350897841,0.0001272142,0.0009778357,0.3889774946,0.0001989514,0.01547216,0.2811976213,0.0,0.0,0.9973481349,0.3877296084,0.5962691908,4.471e-07,0.4690493317,0.1425265367,3.82587e-05,0.0,0.6317508836,1e-10,0.1052969993,0.0182579239,0.5656310289,0.0,1.414e-07,0.000449242,1.66e-07
PWY-7664: oleate biosynthesis IV (anaerobic),0.0,0.0,0.0,0.0,8.3e-09,0.0,0.0,0.0,0.0,0.0,0.0,0.0,0.0,0.0,2.45e-08,0.0,0.0,0.0,0.0,0.0,0.0,0.0,0.0,0.0,0.0,0.0,0.0,0.0,0.0
PWY-7761: NAD salvage pathway II (PNC IV cycle),0.0,0.0,0.0,0.0,0.0,0.0,2e-09,0.0,0.0,6.98e-08,0.0,0.0,0.0,0.0,0.0,0.0,0.0,0.0,3.494e-07,0.0,0.0,0.0,0.0,0.0,0.3976330283,0.0,0.0,0.0,0.0
PWY-7790: UMP biosynthesis II,0.9728937467,1.0,1.0,0.9999999649,1.0,1.0,0.9999814997,0.9999999999,0.9836590523,0.9999993597,0.9999948005,0.9996343939,0.9999782376,1.0,0.9779775625,0.8329993406,0.9137651463,0.9973647633,0.9999929655,0.9999361172,0.9999999981,0.1466847126,1.0,0.9402247697,1.0,0.9786018271,0.7832546105,1.0,0.9625342723
PWY-7791: UMP biosynthesis III,0.9728937467,1.0,1.0,0.9999999649,1.0,1.0,0.9999814997,0.9999999999,0.9836590523,0.9999993597,0.9999948005,0.9996343939,0.9999782376,1.0,0.9779775625,0.8329993406,0.9137651463,0.9973647633,0.9999929655,0.9999361172,0.9999999981,0.1466847126,1.0,0.9402247697,1.0,0.9786018271,0.7832546105,1.0,0.9625342723
PWY-7851: coenzyme A biosynthesis II (eukaryotic),0.001330239,0.0185409032,0.8206704914,0.4187611384,0.9999956902,0.865846535,0.9991736355,0.6447020564,0.4109447619,0.3257613423,0.0,1.162e-07,0.9950338184,0.9503512148,0.8978588186,0.5910073526,0.0037718058,0.9610596024,0.5234218039,0.6431486894,0.9924593408,0.0001122004,0.004608418,0.8887385735,0.9975710819,0.8954506663,0.0,0.9853892283,0.8422945768
PWY-7883: anhydromuropeptides recycling II,0.0,0.0,0.0,0.0,0.0,0.0,0.0,0.0,0.0,0.0,0.0,0.0,0.0,0.0,0.0,0.0,0.0,0.0,0.0,0.0,0.0,0.0,0.0,0.0,0.0,0.0,0.0,0.0,0.0
PWY-7942: 5-oxo-L-proline metabolism,0.0,0.0,0.0,0.0,1.1892e-06,0.0,0.0,0.0,0.0,0.0,0.0,0.0,0.0,0.0,0.0,0.0,0.0,0.0,0.0,0.0,0.0,0.0,0.0,0.0,0.0,0.0,0.0,0.0,0.0
PWY-7953: UDP-N-acetylmuramoyl-pentapeptide biosynthesis III (meso-diaminopimelate containing),0.8126116358,0.0,0.0015129002,0.0,0.292836557,0.9664848367,0.6544822803,0.9798013171,0.0052470543,0.0,0.0,0.0,1e-10,0.8425392918,0.7463607482,1.83e-08,0.0,0.0059408632,1.9e-08,0.0,9.38926e-05,0.2983286315,0.0002209259,0.1513538771,0.9651769247,0.0,5.3539e-06,0.0,0.0211263512
PWY-7977: L-methionine biosynthesis IV,2.986e-06,0.0,3e-10,0.0,7.937e-07,0.0,0.0,0.0,0.0,0.0,0.0,0.0,0.0,0.0,0.0284332821,0.0,0.0,0.0,0.0201097551,0.0,0.0,2.37e-07,0.0,0.0,0.0,0.0,0.0,0.0,0.0001384326
PWY-7992: superpathway of menaquinol-8 biosynthesis III,0.0,0.0,0.0,0.0,0.0,0.0,0.0,0.0,0.0,0.0,0.0,0.0,0.0,0.0,0.0,0.0,0.0,0.0,0.0,0.0,0.0,0.0,0.0,0.0,0.0,0.0,0.0,0.0,0.0
PWY-8004: Entner-Doudoroff pathway I,0.0,0.0,0.0,0.0,0.0,0.0,4.17256e-05,0.0,1e-09,0.0,0.0,0.0,0.0,0.0,0.0,0.0,0.0,0.0,0.0,0.0,0.0,0.0,0.0,0.0,0.0,0.0,0.0,0.0,0.0
PWY-801: homocysteine and cysteine interconversion,0.0,0.0,0.0,0.0,0.0,0.0,0.0,0.0,0.0,0.0,0.0,0.0,0.0,0.0,0.0,0.0,0.0,0.0,0.0,0.0,0.0,0.0,0.0,0.0,0.0,0.0,0.0,0.0,0.0
PWY-8073: lipid IVA biosynthesis (P. putida),0.0,0.0,0.0,0.0,0.0,0.0,0.0,0.0,0.0,0.0,0.0,0.0,0.0,0.0,0.0,0.0,0.0,0.0,0.0,0.0,0.0,0.0,0.0,0.0,0.0,0.0,0.0,0.0,0.0
PWY-8131: 5'-deoxyadenosine degradation II,0.0,0.0,0.0,0.0,0.0,0.0,0.0,0.0,0.0,0.0,0.0,0.0,0.0,0.0,0.0,0.0,0.0,0.0,0.0,0.0,0.0,0.0,0.0,0.0,0.0,0.0,0.0,0.0,0.0
PWY-8178: pentose phosphate pathway (non-oxidative branch) II,0.2816529062,0.0,3.766e-07,0.0,4.50075e-05,1.5258e-05,0.0207192627,0.0,0.0,0.0,0.0,0.0,0.0,0.0,4e-09,0.0,0.0,2e-09,0.0002149447,0.0,0.0,0.6565471233,0.1783887445,0.0001421452,1.222e-07,0.0,0.0,0.0,3.2657e-06
PWY-8187: L-arginine degradation XIII (reductive Stickland reaction),0.0,0.0,0.063656551,2.8082e-06,0.6703626353,2.8595e-06,0.000105201,0.0,0.0077816766,3e-10,0.0,0.0,6.3e-09,0.0,6.4e-09,0.0003165636,2.3748e-06,7.5653e-06,0.0001135961,0.0,6.5814e-06,0.0,0.0,0.0,0.027771095,2e-10,0.0,0.0009996715,0.0
PWY-841: superpathway of purine nucleotides de novo biosynthesis I,0.2464330591,0.0,0.0001274196,0.0,0.0,0.0,0.0,0.0,0.0,0.0,0.0,0.0,0.0,0.0,0.000543539,0.0,0.0,0.0232648883,0.0,0.0,2e-10,0.0118574795,1.13e-08,0.0,0.0,5.67122e-05,0.0,0.0,3.0345e-06
PWY-922: mevalonate pathway I (eukaryotes and bacteria),0.0,0.0,0.0,0.0,0.0,0.0,0.0,0.0,0.0,0.0,0.0,0.0,0.0,0.0,0.0,0.0,0.0,0.0,0.0,0.0,0.0,0.0,0.0,0.0,0.0,0.0,0.0,0.0,0.0
PWY-I9: L-cysteine biosynthesis VI (from L-methionine),0.0,0.0,0.0,0.0,0.0,0.0,0.0,0.0,0.0,0.0,0.0,0.0,1e-10,0.0,0.0,0.0,0.0,0.0,0.0,0.0,0.0,0.0,0.0,0.0,0.0,0.0,0.0,0.0,0.0
PWY0-1061: superpathway of L-alanine biosynthesis,0.0,0.0,0.0,0.0,0.0,0.0,0.0,0.0,0.0,0.0,0.0,0.0,0.0,0.0,0.0,0.0,0.0,0.0,0.0,0.0,0.0,0.0,3e-10,0.0,0.0,0.0,0.0,0.0,0.0
PWY0-1241: ADP-L-glycero-&beta;-D-manno-heptose biosynthesis,1.27363e-05,0.0,0.0,0.0,0.0,0.0,0.0,0.0,0.0,0.0,0.0,0.0,0.0,0.0,0.0,0.0,0.0,2.6514e-06,0.0,0.0,0.0,2.582e-07,0.0,0.0,0.0,0.0,0.0,0.0,0.0
PWY0-1261: anhydromuropeptides recycling I,0.0,0.0,0.0,0.0,0.0,0.0,0.0,0.0,0.0,0.0,0.0,0.0,0.0,0.0,0.0,0.0,0.0,0.0,0.0,0.0,0.0,0.0,0.0,0.0,0.0,0.0,0.0,0.0,0.0
PWY0-1296: purine ribonucleosides degradation,0.0285444239,0.0,0.0,9e-10,0.014061252,0.960658506,0.828356736,0.0,0.0192306438,0.2270150885,0.0,0.0,4.3605e-06,4.8783e-06,0.019878493,0.0,0.0,3.2e-09,0.4733608979,0.0,1.313e-07,0.4263768701,0.2824337924,0.9062199725,2.19632e-05,0.0,0.0,2e-10,0.0005754749
PWY0-1297: superpathway of purine deoxyribonucleosides degradation,0.0,0.0,0.0,6e-10,0.0028302607,0.0,0.0,0.0,0.0,8e-10,0.0,0.0,0.0,0.0,0.0,0.0,0.0,3.1e-09,1.8e-09,0.0,2.14e-08,0.0,0.0011973486,6.78575e-05,2.17273e-05,0.0,0.0,3e-10,0.0
PWY0-1298: superpathway of pyrimidine deoxyribonucleosides degradation,0.0,0.0,0.0,0.0,0.0,0.0,0.0,0.0,0.0,0.0,0.0,0.0,0.0,0.0,0.0,0.0,0.0,3.4e-09,0.0,0.0,0.0,0.0,0.0,1e-10,6.93e-07,0.0,0.0,0.0,0.0
PWY0-1319: CDP-diacylglycerol biosynthesis II,0.1887787454,0.0,3.059e-07,0.0,0.382933873,0.3668329475,1.2321e-06,0.0009259309,0.0012573984,0.0014551211,0.0,0.0,0.0,0.0594861828,0.0417925345,0.0,0.0,0.0912218008,0.2766373114,0.0,2.7e-09,0.6301562237,0.9680379013,1e-10,0.050159526,1.63566e-05,0.0,1.29e-08,1.00615e-05
PWY0-1477: ethanolamine utilization,0.0,0.0,0.0,0.0,0.0,0.0,0.0,0.0,0.0,0.0,0.0,0.0,0.0,0.0,0.0,0.0,0.0,0.0,0.0,0.0,0.0,0.0,3.367e-07,0.0,2.6382e-06,0.0,0.0,1.8e-09,0.0
PWY0-1479: tRNA processing,0.0,0.0,0.0,0.0,0.0,0.0,0.0,0.0,0.0,0.0,0.0,0.0,0.0,0.0,0.0,0.0,0.0,0.0,0.0,0.0,0.0,0.0,0.0,0.0,0.0,0.0,0.0,0.0,0.0
PWY0-1586: peptidoglycan maturation (meso-diaminopimelate containing),0.0,0.0,3.9782e-06,0.0,0.999738782,0.0,0.0128194763,0.2045039242,2.6e-09,0.0,0.0,0.0,0.0134814863,0.0001727789,0.1556765439,0.0,0.0,0.0,2.0376e-05,0.0,0.0,5.15537e-05,6.869e-07,1e-10,1.88e-08,0.0,0.0,0.0,0.0
PWY0-162: superpathway of pyrimidine ribonucleotides de novo biosynthesis,0.0,0.0,0.0,0.0,0.0,0.0,0.0,0.0,0.0,0.0,0.0,0.0,0.0,0.0,0.0,0.0,0.0,0.0,0.0,0.0,0.0,0.0,0.0,0.0,0.0,0.0,0.0,0.0,0.0
PWY0-166: superpathway of pyrimidine deoxyribonucleotides de novo biosynthesis (E. coli),0.0,0.0,0.0,0.0,0.0,0.0,0.0,0.0,0.0,0.0,0.0,0.0,0.0,0.0,0.0,0.0,0.0,0.0,0.0,0.0,0.0,0.0,0.0,0.0,0.0,0.0,0.0,0.0,0.0
"PWY0-301: L-ascorbate degradation I (bacterial, anaerobic)",0.0,0.0,0.0,0.0,0.0,0.0,0.0,0.0,0.0,0.0,0.0,0.0,0.0,0.0,0.0,0.0,0.0,0.0,0.0,0.0,0.0,0.0,0.0,0.0,0.0,0.0,0.0,0.0,0.0
PWY0-42: 2-methylcitrate cycle I,0.0,0.0,0.0,0.0,0.0,0.0,0.0,0.0,0.0,0.0,0.0,0.0,0.0,0.0,0.0,0.0,0.0,0.0,0.0,0.0,0.0,0.0,0.0,0.0,0.0,0.0,0.0,0.0,0.0
PWY0-845: superpathway of pyridoxal 5'-phosphate biosynthesis and salvage,0.0,0.0,0.0,0.0,0.0,0.0,0.0,0.0,0.0,0.0,0.0,0.0,0.0,0.0,0.0,0.0,0.0,0.0,0.0,0.0,0.0,0.0,0.0,0.0,0.0,0.0,0.0,0.0,0.0
PWY0-862: (5Z)-dodecenoate biosynthesis I,0.0,0.0,0.0,0.0,7.1e-09,0.0,0.0,0.0,0.0,0.0,0.0,0.0,0.0,0.0,2.1e-08,0.0,0.0,0.0,0.0,0.0,0.0,0.0,0.0,0.0,0.0,0.0,0.0,0.0,0.0
PWY1ZNC-1: assimilatory sulfate reduction IV,0.0,0.0,0.0,0.0,0.0,0.0,0.0,0.0,0.0,0.0,0.0,0.0,0.0,0.0,0.0,0.0,0.0,0.0,0.0,0.0,0.0,0.0,0.0,0.0,0.0,0.0,0.0,0.0,0.0
PWY3O-4107: NAD salvage pathway V (PNC V cycle),0.0,0.0,0.0,0.0,0.0,0.0,0.0,0.0,0.0,0.0,0.0,0.0,0.0,0.0,0.0,0.0,0.0,0.0,0.0,0.0,0.0,0.0,0.0,0.0,0.0,0.0,0.0,0.0,0.0
PWY4FS-7: phosphatidylglycerol biosynthesis I (plastidic),0.0,0.0,0.0,0.0,0.0,0.0,0.0,0.0,0.0,0.0,0.0,0.0,0.0,0.0,0.0,0.0,0.0,0.0,0.0,0.0,0.0,0.0,0.0,0.0,0.0,0.0,0.0,0.0,0.0
PWY4FS-8: phosphatidylglycerol biosynthesis II (non-plastidic),0.0,0.0,0.0,0.0,0.0,0.0,0.0,0.0,0.0,0.0,0.0,0.0,0.0,0.0,0.0,0.0,0.0,0.0,0.0,0.0,0.0,0.0,0.0,0.0,0.0,0.0,0.0,0.0,0.0
PWY4LZ-257: superpathway of fermentation (Chlamydomonas reinhardtii),0.0,0.0,0.0,0.0,0.0,0.0,0.0,0.0,0.0,0.0,0.0,0.0,0.0,0.0,0.0,0.0,0.0,0.0,0.0,0.0,0.0,0.0,0.0,0.0,0.0,0.0,0.0,0.0,0.0
PWY66-389: phytol degradation,0.0,0.0,0.0,0.0,0.0,0.0,0.0,0.0,0.0,0.0,0.0,0.0,0.0,0.0,0.0,0.0,0.0,0.0,0.0,0.0,0.0,0.0,0.0,0.0,0.0,0.0,0.0,0.0,0.0
PWY66-399: gluconeogenesis III,0.0,0.0,0.0,0.0,0.0,0.0,0.0,0.0,0.0,0.0,0.0,0.0,0.0,0.0,0.0,0.0,0.0,0.0,0.0,0.0,0.0,0.0,0.0,0.0,0.0,0.0,0.0,0.0,0.0
PWY66-409: superpathway of purine nucleotide salvage,0.0,0.0,0.0,0.0,0.0,0.0,0.0,0.0,0.0,0.0,0.0,0.0,0.0,0.0,0.0,0.0,0.0,0.0,0.0,0.0,0.0,0.0,0.0,0.0,0.0,0.0,0.0,0.0,0.0
PWY66-429: fatty acid biosynthesis initiation (mitochondria),0.0,0.9190678292,0.7709008964,0.3448092597,1.0,0.0,1.4901e-06,7.6e-09,0.2502568853,0.0,0.0280887685,0.4488319016,0.6258042034,4.67466e-05,0.0,0.3118387032,0.633085882,0.9979376141,2.80144e-05,0.8254574984,0.9895201476,1.6e-09,0.9213479249,0.9964423164,0.2393638099,0.9957138789,0.4147057236,0.9495291879,0.2656139225
PYRIDNUCSAL-PWY: NAD salvage pathway I (PNC VI cycle),0.0,0.0,0.0,0.0,0.0,0.0,0.0,0.0,0.0,0.0,0.0,0.0,0.0,0.0,0.0,0.0,0.0,0.0,0.0,0.0,0.0,0.0,0.0,0.0,0.0,0.0,0.0,0.0,0.0
PYRIDNUCSYN-PWY: NAD de novo biosynthesis I (from aspartate),0.0,0.0,1e-09,0.0,0.696720503,0.0,0.0,0.0,0.0,0.0,0.0,0.0,0.0,0.0,0.0,0.0,0.0,0.0,6.24e-08,0.0,0.0,0.0,0.0,0.0,4.2e-09,0.0,0.0,0.0,0.0
PYRIDOXSYN-PWY: pyridoxal 5'-phosphate biosynthesis I,0.0,0.0,0.0,0.0,0.0,0.0,0.0,0.0,0.0,0.0,0.0,0.0,0.0,0.0,0.0,0.0,0.0,0.0,0.0,0.0,0.0,0.0,0.0,0.0,0.0,0.0,0.0,0.0,0.0
RHAMCAT-PWY: L-rhamnose degradation I,0.0052083887,0.0,0.0,0.0,1.716e-07,0.0,0.0,0.0,0.0,0.0015511558,0.0,0.0,1.714e-07,0.0001656329,0.0,0.0,0.0,0.0,1.9919e-06,0.0,0.0,0.0,0.0,0.0,2.553e-07,0.0,0.0,0.0,0.0
RIBOSYN2-PWY: flavin biosynthesis I (bacteria and plants),0.0,0.0,0.0,0.0,2.08e-08,0.0,0.0,0.0,0.0,0.0,0.0,0.0,0.0,0.0,0.0,0.0,0.0,0.0,0.0,0.0,2.93e-08,0.0,0.0,0.1622770119,0.0,0.0,0.0,0.0,0.0004078244
SALVADEHYPOX-PWY: adenosine nucleotides degradation II,0.0,0.0,0.0,0.0,0.0,0.0,0.0,0.0,0.0,0.0,0.0,0.0,0.0,0.0,0.0,0.0,0.0,0.0,0.0,0.0,0.0,0.0,0.0,0.0,0.0,0.0,0.0,0.0,0.0
SER-GLYSYN-PWY: superpathway of L-serine and glycine biosynthesis I,0.7361013291,0.0,4e-10,0.0,2.32266e-05,0.0,0.0,0.0,0.0,0.0,0.0,0.0,0.0,0.0,0.0385742633,0.0,0.0,6.123e-07,0.0,0.0,0.0,0.0057297467,0.0030376547,6.7e-09,0.1979297888,0.0,9.3e-08,0.0,0.134480013
SO4ASSIM-PWY: assimilatory sulfate reduction I,0.0,0.0,0.0,0.0,0.0,0.0,0.0,0.0,0.0,0.0,0.0,0.0,0.0,0.0,0.0,0.0,0.0,0.0,0.0,0.0,0.0,0.0,0.0,0.0,0.0,0.0,0.0,0.0,0.0
SULFATE-CYS-PWY: superpathway of sulfate assimilation and cysteine biosynthesis,0.0,0.0,0.0,0.0,0.0,0.0,0.0,0.0,0.0,0.0,0.0,0.0,0.0,0.0,0.0,0.0,0.0,0.0,0.0,0.0,0.0,0.0,0.0,0.0,0.0,0.0,0.0,0.0,0.0
THISYN-PWY: superpathway of thiamine diphosphate biosynthesis I,0.0,0.0,1e-10,0.0,0.0,0.0,0.0,0.0,0.0,0.0,0.0,0.0,0.0,0.0,1.1e-09,0.0,0.0,0.0,0.0,0.0,0.0,0.0,2.1e-09,0.0,1e-10,0.0,0.0,0.0,0.0
THISYNARA-PWY: superpathway of thiamine diphosphate biosynthesis III (eukaryotes),0.0,0.0,0.0,0.0,0.0,0.0,0.0,0.0,0.0,0.0,0.0,0.0,0.0,0.0,3e-10,0.0,0.0,0.0,0.0,0.0,0.0,0.00073078,1.64e-08,3e-10,0.0,0.0,0.0,1.6153e-06,0.0
THRESYN-PWY: superpathway of L-threonine biosynthesis,0.0,0.0,0.0615613491,0.0,0.4821849693,0.0,1.9e-09,0.0,8e-10,2.8624e-05,0.0,0.0,0.0,0.0,3.71423e-05,2.99473e-05,0.0243176109,0.0093453693,0.0,0.0005431591,0.0001049161,0.0,0.0901820309,2.17261e-05,0.7679219726,0.0622495497,6.637e-07,3e-10,0.0004455774
TRNA-CHARGING-PWY: tRNA charging,6.1849e-06,0.999356859,0.9999334775,0.8860578242,0.9999925344,1.0,0.9994680386,0.9993494063,0.8889948258,0.9999060323,0.8702698497,0.4819177653,0.9586143136,1.0,0.8745738223,0.9428848987,0.033030769,0.3325095023,0.9965611638,0.7302944254,0.9980813246,0.7588537443,0.9975567441,0.9960132341,0.9999985954,0.9999989947,0.7465838053,0.9999999088,0.9793388632
TRPSYN-PWY: L-tryptophan biosynthesis,9.86479e-05,0.0,0.0,0.0,2.16e-08,0.0,0.0,0.0,0.0,0.0,0.0,0.0,0.0,0.0,0.0,0.0,0.0,0.0,0.0,0.0,0.0,0.0,0.0,0.0,1.9471e-06,0.0,0.0,0.0,0.0
UDPNACETYLGALSYN-PWY: UDP-N-acetyl-D-glucosamine biosynthesis II,0.0,0.0,0.0,0.0,0.0,0.0,0.0,0.0,0.0,0.0,0.0,0.0,0.0,0.0,0.0,0.0,0.0,0.0,0.0,0.0,0.0,0.0,0.0,0.0,0.0,0.0,0.0,0.0,0.0
UDPNAGSYN-PWY: UDP-N-acetyl-D-glucosamine biosynthesis I,0.8738916716,0.9999999441,0.9999996368,0.999999999,1.0,0.9871327363,0.9974625962,0.0425057791,0.9984614855,0.2096661612,0.9999944667,0.9450369722,0.9999861357,0.9999999995,0.6469338422,0.9999421827,0.8145278974,0.9997918816,0.7907495548,1.0,0.9999949825,0.0514141064,1.0,0.9999999057,1.0,1.0,0.9408820795,1.0,0.9999705908
VALSYN-PWY: L-valine biosynthesis,0.6946536244,0.0,0.6188939221,1.51241e-05,0.9999480954,0.9942048789,0.9918908242,0.999997218,0.6304349153,0.8181545217,0.0,0.0,1e-10,0.9993297225,0.9986849722,0.0,0.0,0.9765370692,0.4594993353,0.0,0.4738071865,0.9999999353,0.5116565837,0.0920670691,0.2884497413,0.0179824617,0.0,0.366728286,0.9840327163
