# Pathway,2827_Abundance,2828_Abundance,2830_Abundance,2831_Abundance,2832_Abundance,2833_Abundance,2834_Abundance,2836_Abundance,2837_Abundance,2839_Abundance,2840_Abundance,2841_Abundance,2842_Abundance,2845_Abundance,2846_Abundance,2847_Abundance,2850_Abundance,2853_Abundance,2854_Abundance,2855_Abundance,2857_Abundance,2858_Abundance,2859_Abundance,2862_Abundance,2866_Abundance,2867_Abundance,2870_Abundance,2871_Abundance,2872_Abundance
1CMET2-PWY: folate transformations III (E. coli),45.5092533233,0.0,51.1187828795,0.0,93.7469145033,194.8351961793,28.5188486328,48.0769098176,16.2799079226,54.0250915969,0.0,0.0,35.5107452409,140.7929012403,59.905164086,0.0,0.0,0.0,40.0423555576,0.0,0.0,60.2439835947,32.6996937999,20.1969831313,32.832096468,0.0,0.0,0.0,50.0982015339
ANAEROFRUCAT-PWY: homolactic fermentation,56.1416767965,36.0824611169,69.6868006273,55.0929870036,168.7484617317,42.0114164982,102.0659613148,189.1658200991,89.6639365481,24.9458718399,29.4758993863,25.5658164238,106.841154316,146.4526691302,50.6336742433,0.0,0.0,47.2100349485,76.4268771173,57.1619194462,11.7176740773,66.4851469315,57.53230968,34.0795875815,70.9112453156,29.2468689571,0.0,141.9678256856,45.8419022564
ANAGLYCOLYSIS-PWY: glycolysis III (from glucose),70.9567984967,107.4699711479,145.2261097231,173.3534427107,316.9563171834,376.8391176174,162.733292011,264.5466456784,138.0453525609,159.8982059141,55.3045548407,82.027548292,194.818352798,240.0387457766,65.3354627925,47.1619034357,57.1165818178,90.9342760726,116.8712118447,146.4290000751,35.5469243435,86.7887925676,88.8559627032,59.881924218,155.6764575951,106.2193624298,16.9257860191,339.9672379967,103.0579589128
ARG+POLYAMINE-SYN: superpathway of arginine and polyamine biosynthesis,0.0,0.0,0.0,0.0,62.5176577511,0.0,0.0,0.0,0.0,0.0,0.0,0.0,0.0,0.0,0.0,0.0,0.0,0.0,0.0,0.0,0.0,0.0,0.0,0.0,0.0,0.0,0.0,0.0,0.0
ARGININE-SYN4-PWY: L-ornithine biosynthesis II,6.6635569564,0.0,0.0,0.0,12.9522423158,0.0,0.0,0.0,0.0,20.142943559,0.0,0.0,0.0,0.0,0.0,0.0,0.0,0.0,0.0,0.0,0.0,0.0,0.0,0.0,18.3450219946,0.0,0.0,0.0,0.0
ARGSYN-PWY: L-arginine biosynthesis I (via L-ornithine),83.7711913671,30.6807703991,76.2723457539,28.2757403203,152.1804835467,390.1152347351,115.6576636613,225.2469932172,90.0355391785,157.7045760378,0.0,16.7592933663,58.2385593394,225.0844800987,65.1940843712,11.7375801188,0.0,21.4032784804,123.2658972608,44.2232032281,42.4132376157,117.4353051289,54.3461987692,45.4639847181,85.9484084187,26.5664291105,0.0,87.3497020938,0.0
ARGSYNBSUB-PWY: L-arginine biosynthesis II (acetyl cycle),69.3600988998,23.5315409271,67.5966370992,65.2516469294,174.2919829169,387.6303610121,107.7688865052,213.7121902636,99.7046464166,143.7312714459,0.0,26.1432508338,61.6560094675,210.7377744823,57.0798390643,16.5507414307,0.0,12.3020391948,108.1123540124,53.6313299225,46.7408277275,84.5417622523,50.7832891472,46.2581659967,78.3187417112,19.0558960041,0.0,85.9281997942,0.0
ARO-PWY: chorismate biosynthesis I,88.1967428412,0.0,43.2890886271,47.6106188604,72.4921620118,246.4036185059,83.9432389097,156.806231912,80.0398052619,105.7376261645,34.660514204,17.2299193913,30.9662126481,270.2853636652,81.9632200165,8.6939779201,0.0,37.3576820714,85.394566059,7.2950675304,16.3785902361,87.4960290493,45.6467111529,36.0330732867,58.5692031628,21.646312661,0.0,53.6099188668,39.2979970478
ASPASN-PWY: superpathway of L-aspartate and L-asparagine biosynthesis,34.2109741729,72.0264669813,177.9310611282,17.9743519666,109.0455415302,108.4681548465,16.1516402432,65.190107608,22.1719357961,34.5484788824,20.5004893914,5.6233195069,36.7388834608,131.7562564747,29.2645955849,13.2446829016,116.7541736418,18.8529774468,29.8939748347,15.9923478229,19.1015731499,41.6172726757,52.6865985858,57.2813199796,27.497674461,27.1442909427,16.7149060558,17.8900567494,42.6243050139
BIOTIN-BIOSYNTHESIS-PWY: biotin biosynthesis I,0.0,0.0,0.0,0.0,25.575525035,0.0,0.0,0.0,0.0,0.0,0.0,0.0,0.0,0.0,0.0,0.0,0.0,0.0,0.0,0.0,0.0,0.0,0.0,0.0,0.0,0.0,0.0,0.0,0.0
BRANCHED-CHAIN-AA-SYN-PWY: superpathway of branched chain amino acid biosynthesis,67.8872347888,16.4295840305,83.7351845325,74.3245224942,174.426085651,329.750392533,90.8209073634,241.8005310974,87.1300876595,139.722266148,14.4268252757,27.0414177353,53.8051654483,340.0573599676,71.2519072816,12.3245576096,0.0,46.2669850402,69.7688294277,35.1243643177,46.9840360039,148.4677970598,65.8732831455,56.2739778359,72.9836728776,39.0478953826,0.0,87.3459276014,91.4781051166
CALVIN-PWY: Calvin-Benson-Bassham cycle,66.1813294739,24.9024666138,48.4063606473,0.0,129.8378226094,301.0365461901,89.4117047252,36.3632772415,0.0,11.3626323444,37.6470918636,0.0,24.9488091476,114.4302506318,38.0324284342,0.0,0.0,25.6861265954,72.3743077084,18.6490829949,18.6557096357,112.7187563789,103.6396325789,63.5273094068,57.5693672909,15.1265628938,0.0,0.0,61.0381270401
CENTFERM-PWY: pyruvate fermentation to butanoate,0.0,0.0,0.0,0.0,5.9650664665,0.0,0.0,0.0,0.0,0.0,0.0,0.0,0.0,0.0,0.0,0.0,0.0,0.0,0.0,0.0,5.4967328211,0.0,0.0,5.8605904802,0.0,0.0,0.0,0.0,0.0
CITRULBIO-PWY: L-citrulline biosynthesis,9.7151937307,0.0,0.0,0.0,19.2479938651,32.587787274,0.0,0.0,0.0,29.0123904903,0.0,0.0,0.0,0.0,0.0,0.0,0.0,0.0,0.0,0.0,0.0,0.0,0.0,0.0,26.4082924331,0.0,0.0,0.0,0.0
COA-PWY-1: superpathway of coenzyme A biosynthesis III (mammals),47.5032056397,213.7804560009,113.5095431698,136.007745466,187.8418224172,310.9673846044,136.9229809686,170.3117219977,96.1066042258,127.4136098074,93.1655041542,135.2583512734,162.4028372508,327.9947959043,87.1783765426,77.3521284822,62.3572929674,88.3739434385,87.0543007782,210.8378905888,119.1349912695,59.8751845299,63.1327562339,94.1139157892,138.3507577473,123.7659129039,10.5420871028,178.680650963,89.4711971571
COA-PWY: coenzyme A biosynthesis I (prokaryotic),62.2203864578,273.7105363002,109.0815298265,132.6116138863,175.1545939306,278.1871144893,130.533114092,164.6071771842,94.5055318016,166.3625848643,113.9677205632,167.9147655382,151.0102931443,313.8578356281,101.8671519838,72.918888462,54.7811841447,81.8566358386,84.4538028223,222.7957126647,107.2978854871,57.7135367623,113.7417044717,86.8368528263,144.8535769658,135.5183620571,30.2563910057,207.2271152221,87.2537443462
COBALSYN-PWY: superpathway of adenosylcobalamin salvage from cobinamide I,0.0,0.0,0.0,0.0,13.4564396124,12.0605106993,20.0423134092,24.6136233292,0.0,8.109409091,0.0,0.0,0.0,64.3003679268,19.6612399652,0.0,0.0,0.0,10.6876295865,19.1476757778,0.0,37.8572032603,7.4606023669,0.0,9.0773717189,6.890964385,0.0,16.9216267845,0.0
COLANSYN-PWY: colanic acid building blocks biosynthesis,11.2029994196,0.0,12.9509409111,0.0,28.6327143609,56.3185242495,19.5170283991,0.0,0.0,51.3566405393,0.0,0.0,0.0,81.3416384476,30.9781804025,0.0,0.0,0.0,49.8370444871,0.0,0.0,15.6835900703,5.968688786,0.0,0.0,0.0,0.0,20.6398493417,0.0
COMPLETE-ARO-PWY: superpathway of aromatic amino acid biosynthesis,72.3266405961,0.0,43.7882293651,38.8223193291,72.3137114902,255.1296615049,72.8034996563,161.8783388995,61.6619348264,82.4249928251,36.4642725777,0.0,24.6426572333,266.3031080856,73.4881835267,0.0,0.0,39.6925517598,51.4664504085,7.8985705174,0.0,75.4160003473,42.0342860131,26.3998124151,58.4522946174,18.499909827,0.0,47.2705422889,0.0
DAPLYSINESYN-PWY: L-lysine biosynthesis I,15.0518880146,0.0,0.0,0.0,0.0,0.0,0.0,0.0,0.0,0.0,0.0,0.0,0.0,0.0,0.0,0.0,0.0,0.0,0.0,0.0,0.0,0.0,0.0,0.0,0.0,0.0,0.0,0.0,0.0
DTDPRHAMSYN-PWY: dTDP-&beta;-L-rhamnose biosynthesis,90.4761823378,423.0229085065,160.2776137157,211.3723367142,296.2884753323,414.1671607648,161.899885515,405.651346054,191.338778164,206.6281849477,303.059601324,180.6307423716,172.6314413721,467.6602268269,70.8554877474,39.9641986796,80.9143553904,98.6154578447,118.0176868025,281.7500456739,137.0945554382,154.0145401758,86.112400623,102.1069841647,207.3568801686,109.719152452,39.625508013,212.4449784133,196.2720308743
FAO-PWY: fatty acid &beta;-oxidation I (generic),0.0,0.0,0.0,0.0,5.4046551049,0.0,0.0,0.0,0.0,0.0,0.0,0.0,0.0,0.0,0.0,0.0,0.0,0.0,0.0,0.0,0.0,0.0,0.0,0.0,0.0,0.0,0.0,0.0,0.0
FASYN-ELONG-PWY: fatty acid elongation -- saturated,8.2058341144,0.0,0.0,0.0,66.5012893545,0.0,0.0,0.0,0.0,0.0,0.0,0.0,0.0,0.0,32.455696846,0.0,0.0,0.0,0.0,41.1573900575,0.0,0.0,0.0,0.0,23.7256298717,14.8898739969,0.0,0.0,0.0
FERMENTATION-PWY: mixed acid fermentation,0.0,0.0,25.974954348,38.2946546356,14.4826030772,56.0169851619,49.0059233823,41.1797060019,8.3186592547,78.1998135787,0.0,0.0,0.0,76.1916746896,0.0,0.0,0.0,0.0,0.0,0.0,8.0896278251,4.4128869249,0.0,0.0,35.4281026237,6.1753849754,0.0,0.0,0.0
GALACT-GLUCUROCAT-PWY: superpathway of hexuronide and hexuronate degradation,0.0,0.0,0.0,0.0,0.0,0.0,0.0,0.0,0.0,0.0,0.0,0.0,0.0,0.0,2.6475391756,0.0,0.0,0.0,0.0,0.0,0.0,0.0,0.0,0.0,0.0,0.0,0.0,0.0,0.0
GALACTARDEG-PWY: D-galactarate degradation I,0.0,0.0,0.0,0.0,16.7742485402,0.0,0.0,0.0,0.0,0.0,0.0,0.0,0.0,0.0,4.087983377,0.0,0.0,0.0,0.0,0.0,2.9416751951,0.0,0.0,0.0,0.0,0.0,0.0,0.0,0.0
GALACTUROCAT-PWY: D-galacturonate degradation I,0.0,4.950915024,0.0,0.0,9.4027411743,40.8483115378,0.0,16.4505863255,0.0,6.6870205809,0.0,0.0,0.0,31.7751642452,10.6040778818,0.0,0.0,0.0,21.1735503343,0.0,19.7090479915,50.952875157,0.0,11.5859474786,0.0,0.0,0.0,42.7759418215,0.0
"GLCMANNANAUT-PWY: superpathway of N-acetylglucosamine, N-acetylmannosamine and N-acetylneuraminate degradation",0.0,0.0,0.0,46.8241658159,39.993610658,48.932754964,0.0,0.0,32.8858371562,39.9601848142,0.0,0.0,40.5848972065,158.9599190477,19.9932937253,8.9478030596,0.0,12.1514518526,24.4760833679,9.0093344403,0.0,28.6106253068,0.0,0.0,51.8493983243,6.9889360309,5.1929294619,11.4339243312,0.0
GLUCARDEG-PWY: D-glucarate degradation I,0.0,0.0,0.0,0.0,3.0940117185,0.0,0.0,0.0,0.0,0.0,0.0,0.0,0.0,0.0,3.0696898249,0.0,0.0,0.0,0.0,0.0,2.9414417245,0.0,0.0,0.0,0.0,0.0,0.0,0.0,0.0
GLUCARGALACTSUPER-PWY: superpathway of D-glucarate and D-galactarate degradation,0.0,0.0,0.0,0.0,16.7742485402,0.0,0.0,0.0,0.0,0.0,0.0,0.0,0.0,0.0,4.087983377,0.0,0.0,0.0,0.0,0.0,2.9416751951,0.0,0.0,0.0,0.0,0.0,0.0,0.0,0.0
GLUCONEO-PWY: gluconeogenesis I,47.1894740275,24.1046672857,52.4497747318,45.1717356693,93.3146666329,76.5272680825,73.7664615319,138.316731879,0.0,68.9176618508,0.0,0.0,40.9069944415,128.0965471065,19.309379688,0.0,0.0,0.0,54.8301470134,0.0,7.3685925967,62.6220056312,0.0,0.0,47.2075721012,27.7968293914,0.0,0.0,24.994485467
GLUCOSE1PMETAB-PWY: glucose and glucose-1-phosphate degradation,0.0,0.0,0.0,0.0,177.8305311751,0.0,0.0,0.0,0.0,0.0,0.0,0.0,0.0,0.0,59.3100141282,0.0,0.0,0.0,0.0,0.0,0.0,0.0,180.0802367825,0.0,0.0,0.0,0.0,0.0,124.4033717418
GLUCUROCAT-PWY: superpathway of &beta;-D-glucuronosides degradation,0.0,0.0,0.0,10.3986151618,27.6991849202,65.1420687891,16.6973834052,103.4288816128,15.1985933592,7.8275435344,0.0,0.0,9.9551037343,67.0846319072,12.7432030105,0.0,0.0,0.0,30.8245375372,4.1610689609,12.7522894507,41.7865483703,0.0,10.8769764423,0.0,5.8142769696,0.0,38.1043083324,0.0
GLUDEG-I-PWY: GABA shunt,0.0,0.0,0.0,0.0,0.0,0.0,13.1490963599,0.0,0.0,0.0,0.0,0.0,0.0,0.0,0.0,0.0,0.0,0.0,0.0,0.0,0.0,0.0,0.0,0.0,0.0,0.0,0.0,0.0,0.0
GLUTORN-PWY: L-ornithine biosynthesis I,49.4186142645,12.2957622572,35.9072235401,7.506487153,95.363514057,297.5834974913,80.8271510223,173.6436786473,42.6506319531,108.2263139052,0.0,17.681377411,24.4814433141,171.3573418636,48.7384525443,4.1258772118,0.0,7.4830478763,82.4495533355,23.1089794656,28.5395313689,57.3156271688,39.3068866802,35.8561895456,57.9315251952,10.8166397943,0.0,57.7342118069,0.0
GLYCOCAT-PWY: glycogen degradation I,0.0,26.8302514777,22.5432481033,0.0,0.0,0.0,58.9746725863,56.8538879009,44.2988138691,0.0,0.0,0.0,70.1377227566,15.7467028578,0.0,15.0903718757,0.0,15.4112553063,13.902604662,17.2376494981,0.0,0.0,18.8480543198,0.0,0.0,0.0,0.0,67.4149356973,0.0
GLYCOGENSYNTH-PWY: glycogen biosynthesis I (from ADP-D-Glucose),63.0222957891,269.0230565294,124.496596639,192.3295453658,247.8846294333,427.5701006873,122.6122791383,193.8667950086,130.5495461255,202.0759802032,168.8145898304,194.4723908247,167.804798516,420.2251230773,54.093507674,128.3364251465,86.9399709398,93.3970603319,122.6085611084,228.8409634953,121.6393266838,109.624322934,170.9377927,109.4658155419,144.4803846523,155.3393259375,54.7867470887,240.3126433782,116.0771761668
GLYCOL-GLYOXDEG-PWY: superpathway of glycol metabolism and degradation,0.0,0.0,0.0,0.0,10.9152629752,0.0,0.0,0.0,0.0,0.0,0.0,0.0,0.0,0.0,0.0,0.0,0.0,0.0,0.0,0.0,0.0,0.0,0.0,0.0,0.0,0.0,0.0,0.0,0.0
GLYCOLYSIS-E-D: superpathway of glycolysis and the Entner-Doudoroff pathway,0.0,0.0,0.0,24.2303288372,28.5078812625,0.0,70.0448988003,49.0574055441,44.4282526707,0.0,0.0,0.0,51.2890843201,0.0,0.0,0.0,0.0,27.6790506151,34.2699201391,0.0,0.0,0.0,0.0,0.0,25.7201774089,0.0,0.0,0.0,29.437612967
GLYCOLYSIS: glycolysis I (from glucose 6-phosphate),84.8323445807,55.0211039954,73.3648938805,81.4845575652,241.6414855823,302.772645113,114.176093806,217.6761108718,94.0420848082,122.2687860001,61.1406614701,38.7215521862,123.6455043061,187.3489941212,71.8756664786,0.0,0.0,72.3212003503,78.6966477003,92.7112179143,11.3297719612,90.7076632451,105.4200408999,44.0300165816,125.662390578,77.2265710925,0.0,183.1227940797,75.5212687925
GLYOXYLATE-BYPASS: glyoxylate cycle,0.0,0.0,0.0,0.0,5.5565282321,0.0,0.0,0.0,0.0,0.0,0.0,0.0,0.0,0.0,0.0,0.0,0.0,0.0,0.0,0.0,0.0,0.0,0.0,0.0,0.0,0.0,0.0,0.0,0.0
"GOLPDLCAT-PWY: superpathway of glycerol degradation to 1,3-propanediol",0.0,0.0,0.0,0.0,0.0,0.0,0.0,0.0,0.0,0.0,0.0,0.0,0.0,0.0,7.9069045788,0.0,0.0,0.0,0.0,0.0,0.0,0.0,0.0,0.0,0.0,0.0,0.0,0.0,0.0
HEMESYN2-PWY: heme b biosynthesis II (oxygen-independent),0.0,0.0,0.0,0.0,4.1392940846,0.0,0.0,0.0,0.0,0.0,0.0,0.0,0.0,0.0,0.0,0.0,0.0,8.8810482785,0.0,0.0,0.0,0.0,0.0,0.0,0.0,0.0,0.0,0.0,0.0
HISDEG-PWY: L-histidine degradation I,0.0,0.0,0.0,0.0,0.0,7.5809983075,0.0,9.2540396525,0.0,7.1396635921,0.0,0.0,0.0,18.506912479,0.0,0.0,0.0,0.0,0.0,0.0,0.0,0.0,0.0,0.0,0.0,0.0,0.0,0.0,0.0
HISTSYN-PWY: L-histidine biosynthesis,58.1823576703,11.1070129138,49.6773984308,0.0,119.0600907026,170.0307934417,77.7247987625,129.1654940576,58.0783429991,63.2543376234,0.0,0.0,28.3480323002,221.8098243227,63.460912517,7.9589804104,0.0,28.9539029834,59.0158343522,0.0,22.6444308431,81.3964236267,32.4941877406,34.8789182686,38.1459590144,0.0,0.0,44.4793863165,7.5948113936
HOMOSER-METSYN-PWY: L-methionine biosynthesis I,0.0,0.0,0.0,0.0,5.3063589108,0.0,0.0,0.0,0.0,0.0,0.0,0.0,0.0,0.0,0.0,0.0,0.0,0.0,0.0,0.0,0.0,0.0,0.0,0.0,0.0,0.0,0.0,0.0,0.0
HSERMETANA-PWY: L-methionine biosynthesis III,41.6779669519,11.0512971387,59.9312159319,14.7498743947,72.5829804359,167.9155411733,43.0306823815,36.6482169669,8.6429225906,44.5994159972,0.0,0.0,24.9096889988,90.1901673678,32.6910640527,0.0,0.0,0.0,17.2058738284,9.7221858633,0.0,42.9370473251,24.1716681057,23.8300806734,40.4345501236,0.0,0.0,0.0,40.1466764989
ILEUSYN-PWY: L-isoleucine biosynthesis I (from threonine),67.5621426127,28.8129829795,86.3637251489,68.6048430596,177.0904426981,325.9493893006,101.1609662592,244.2436392561,87.5613496629,136.8594059519,15.9585976118,29.6996527894,50.2511565915,350.8838020475,74.4575164129,12.1161380705,0.0,61.8083056418,69.0702494038,54.6391827387,46.9144822784,168.6580483541,78.8646725467,62.810472252,70.1233413325,64.9640030268,0.0,94.5891872709,87.6157652936
LACTOSECAT-PWY: lactose and galactose degradation I,9.5618544775,12.9134820152,27.2508020791,12.5723273832,0.0,17.8579940269,13.5887934871,0.0,8.5811802896,5.5862880826,0.0,0.0,22.2521174064,30.0205754974,7.0000255571,30.3472133451,0.0,0.0,0.0,4.8590950452,0.0,0.0,0.0,0.0,8.6235719687,0.0,0.0,28.2188299692,0.0
LIPASYN-PWY: phospholipases,0.0,2.2321428571,0.0,0.0,0.0,0.0,0.0,0.0,0.0,0.0,0.0,0.0,0.0,0.0,0.0,0.0,0.0,0.0,0.0,0.0,0.0,0.0,0.0,0.0,0.0,0.0,0.0,0.0,0.0
MET-SAM-PWY: superpathway of S-adenosyl-L-methionine biosynthesis,0.0,0.0,0.0,0.0,10.2743955137,0.0,0.0,0.0,0.0,0.0,0.0,0.0,0.0,0.0,0.0,0.0,0.0,0.0,0.0,0.0,0.0,0.0,0.0,0.0,0.0,0.0,0.0,0.0,0.0
METHGLYUT-PWY: superpathway of methylglyoxal degradation,0.0,0.0,0.0,0.0,2.3960177506,0.0,0.0,0.0,0.0,0.0,0.0,0.0,0.0,0.0,0.0,0.0,0.0,0.0,0.0,0.0,0.0,0.0,0.0,0.0,0.0,0.0,0.0,0.0,0.0
METSYN-PWY: superpathway of L-homoserine and L-methionine biosynthesis,0.0,0.0,0.0,0.0,9.1690945569,0.0,0.0,0.0,0.0,0.0,0.0,0.0,0.0,0.0,0.0,0.0,0.0,0.0,0.0,0.0,0.0,0.0,0.0,0.0,0.0,0.0,0.0,0.0,0.0
NAGLIPASYN-PWY: lipid IVA biosynthesis (E. coli),0.0,0.0,0.0,0.0,13.6753698204,0.0,0.0,0.0,0.0,0.0,0.0,0.0,0.0,0.0,17.1219582198,0.0,0.0,0.0,0.0,0.0,0.0,0.0,0.0,0.0,0.0,0.0,0.0,0.0,0.0
NONMEVIPP-PWY: methylerythritol phosphate pathway I,40.3796936084,33.3783175582,40.8446296809,36.1411207127,114.3006127008,262.8802010244,56.7694365443,116.6687399229,49.8334294282,76.1979335542,13.3066224446,22.7652581028,35.699827206,213.7920070968,41.9473884113,8.4044760132,0.0,34.3397344195,59.8727671293,14.1023836804,37.0696523281,78.671078709,33.1480452787,21.0389069542,42.7428551056,20.2714463989,0.0,29.0286635354,38.901438785
NONOXIPENT-PWY: pentose phosphate pathway (non-oxidative branch) I,45.8480248474,14.0673821396,35.5711789081,0.0,60.6001320816,160.9855896093,61.0577137876,9.3753738495,0.0,3.8070782956,19.4137060765,0.0,7.8836985725,32.9396092482,16.7443998,21.0354478784,8.914704827,18.0888383091,42.4753007571,6.5657663958,9.2796435899,74.2592936882,55.7297690224,33.1924266897,25.9571986678,5.7241959049,0.0,0.0,21.7794803473
OANTIGEN-PWY: O-antigen building blocks biosynthesis (E. coli),80.2041004509,353.6795104997,148.1704439853,213.1681870649,290.1266004261,357.4926568565,126.4901929894,207.7455376635,145.3545478968,131.9114231578,268.2375611542,194.3708774521,165.3557638519,424.2981007625,62.914719751,52.5860131444,80.4432272555,93.2461588333,104.0017658477,324.68038506,128.5453244434,96.6639118074,94.2558609284,109.5375006335,162.9278012578,131.9417711657,39.8301616288,210.7383296696,148.4465474751
ORNDEG-PWY: superpathway of ornithine degradation,6.5793858906,0.0,4.6818613595,0.0,8.9634865981,0.0,0.0,0.0,0.0,8.2754161229,0.0,0.0,0.0,0.0,0.0,0.0,0.0,0.0,0.0,0.0,0.0,0.0,7.457025285,0.0,6.2688886436,0.0,0.0,0.0,0.0
P108-PWY: pyruvate fermentation to propanoate I,0.0,0.0,0.0,0.0,5.7905872156,0.0,0.0,0.0,0.0,0.0,0.0,0.0,0.0,0.0,0.0,0.0,0.0,0.0,0.0,0.0,0.0,0.0,0.0,0.0,0.0,0.0,0.0,0.0,0.0
P122-PWY: heterolactic fermentation,0.0,0.0,0.0,0.0,0.0,0.0,0.0,23.2435361841,16.7457721652,0.0,0.0,0.0,34.6602680709,0.0,0.0,0.0,0.0,0.0,14.6605144704,0.0,0.0,0.0,0.0,0.0,0.0,0.0,0.0,0.0,0.0
P124-PWY: Bifidobacterium shunt,0.0,22.580582009,12.9984238911,0.0,15.5321649349,0.0,42.1127410927,0.0,0.0,0.0,0.0,0.0,18.1873116788,27.6890399453,0.0,0.0,0.0,0.0,24.4959419258,0.0,0.0,0.0,0.0,0.0,0.0,0.0,0.0,0.0,0.0
P161-PWY: acetylene degradation (anaerobic),0.0,44.258766243,7.3220385814,12.5795928748,44.6882641534,54.7386876426,12.6710638163,49.2837958483,6.4285728254,4.1888668795,0.0,0.0,37.2284287582,103.2198718059,4.9943091212,14.9802771728,8.9108008738,6.0738070969,13.3238635004,0.0,4.767280785,0.0,28.2291688739,0.0,31.6719552433,6.523258248,7.8225559846,46.1972514797,8.9907446652
P164-PWY: purine nucleobases degradation I (anaerobic),0.0,0.0,0.0,0.0,0.0,7.935271207,0.0,0.0,0.0,0.0,0.0,0.0,0.0,0.0,0.0,0.0,0.0,0.0,0.0,0.0,0.0,0.0,0.0,0.0,0.0,0.0,0.0,0.0,4.0710368054
P185-PWY: formaldehyde assimilation III (dihydroxyacetone cycle),0.0,0.0,0.0,0.0,0.0,0.0,0.0,0.0,0.0,0.0,0.0,0.0,0.0,0.0,11.9908683863,0.0,0.0,0.0,0.0,0.0,0.0,0.0,0.0,0.0,0.0,0.0,0.0,0.0,0.0
P41-PWY: pyruvate fermentation to acetate and (S)-lactate I,24.8990549368,82.2216844791,51.4236132996,17.4932755832,45.3875107657,71.6778708742,97.2300800312,59.843911518,32.6766610371,4.4886395703,9.0509721336,0.0,50.1864437216,143.7533174829,5.3440332781,19.9925333345,24.14368577,7.2445868424,14.1986098785,0.0,6.4169345922,0.0,42.1905085252,0.0,62.1109780264,8.8373469941,13.669856974,67.2725402907,10.3641096017
P42-PWY: incomplete reductive TCA cycle,14.243820825,0.0,9.4525778413,0.0,0.0,0.0,5.7576769011,26.4094873513,0.0,0.0,0.0,0.0,0.0,8.4989701997,14.5955280546,0.0,0.0,0.0,0.0,0.0,0.0,12.6646044021,13.3166076973,0.0,0.0,0.0,0.0,0.0,23.2970437953
P441-PWY: superpathway of N-acetylneuraminate degradation,0.0,0.0,0.0,32.3693763567,68.7228249214,0.0,0.0,0.0,28.5526613493,14.8566272012,0.0,0.0,55.0799355878,133.8980652253,13.9136005073,0.0,0.0,13.8722824953,28.9286905142,0.0,0.0,0.0,0.0,0.0,51.1930014866,12.3649712568,0.0,0.0,0.0
"P461-PWY: hexitol fermentation to lactate, formate, ethanol and acetate",0.0,27.00992697,15.2713454888,32.8990461373,157.1741687129,0.0,22.4391472053,53.902745119,12.7020033116,8.5829029846,0.0,0.0,50.7904430267,134.2914506996,5.0147172431,0.0,0.0,13.1179907533,23.1744328151,0.0,0.0,0.0,0.0,0.0,59.6082944018,17.2174626723,0.0,0.0,18.1577029834
PANTO-PWY: phosphopantothenate biosynthesis I,64.0902868026,37.4174821611,44.621714293,0.0,106.473013553,71.0043170764,53.0695941563,88.5425356426,13.7992523228,62.5658939251,21.2653571237,0.0,0.0,201.7047847562,47.8891304756,9.7516384476,0.0,73.8013370886,40.1533890391,0.0,46.4639774063,113.4550842491,63.8625409321,35.1947901095,60.970226663,10.7806191915,0.0,13.1332967076,31.8701566358
PANTOSYN-PWY: superpathway of coenzyme A biosynthesis I (bacteria),56.2972246159,38.0518508287,67.468191161,0.0,72.5859480561,110.3737909186,69.3413392084,108.5459881264,12.1963321268,89.0946180147,0.0,0.0,0.0,221.3980789373,54.3711510182,0.0,0.0,44.2957939601,35.3903015175,0.0,53.5025703853,72.2999693962,38.9332386659,0.0,31.9442249741,0.0,0.0,13.3127805063,45.4712887994
PENTOSE-P-PWY: pentose phosphate pathway,0.0,17.642227983,32.4025058157,0.0,70.534869245,141.0712074081,56.1418372668,13.3140850956,0.0,4.4246507271,8.2365714961,0.0,12.6850147502,37.260217683,6.5801175425,0.0,0.0,22.6148042346,36.2176020916,8.8286629994,12.4203496601,0.0,44.5448382306,21.1146122875,31.1395207475,7.3615719939,0.0,0.0,23.1919488917
PEPTIDOGLYCANSYN-PWY: peptidoglycan biosynthesis I (meso-diaminopimelate containing),60.9020887441,295.5491556643,135.1887066715,141.740343498,231.9401274877,361.9729375015,114.3812989754,222.4781692465,92.3167304608,147.8021156732,138.6491084547,174.1303582561,146.2881862392,434.5638541027,68.8597582699,79.2251629483,75.9689416221,78.5281566297,91.3928426976,264.1715978805,84.6756091879,84.7861003363,119.7514657384,115.0892276759,125.6527982976,144.4499337662,25.914090077,178.4334031242,84.329327449
PHOSLIPSYN-PWY: superpathway of phospholipid biosynthesis I (bacteria),16.8535891701,0.0,13.5361048946,0.0,52.9460309702,15.015033977,0.0,0.0,0.0,0.0,0.0,0.0,0.0,0.0,11.8440036682,0.0,0.0,12.7879958534,0.0,12.7182146053,0.0,0.0,23.089155049,0.0,12.2898236209,14.0264163958,0.0,0.0,0.0
POLYAMSYN-PWY: superpathway of polyamine biosynthesis I,6.2283590982,0.0,0.0,0.0,41.3039656954,0.0,0.0,0.0,0.0,0.0,0.0,0.0,0.0,30.9186498193,0.0,0.0,0.0,0.0,0.0,0.0,0.0,0.0,0.0,0.0,0.0,0.0,0.0,0.0,0.0
POLYISOPRENSYN-PWY: polyisoprenoid biosynthesis (E. coli),0.0,13.7931812303,29.1590696367,0.0,22.0893907096,0.0,22.9023834534,0.0,0.0,0.0,0.0,0.0,20.9932526172,23.0788371161,0.0,13.5418937935,0.0,0.0,0.0,2.3324361592,0.0,0.0,0.0,0.0,0.0,11.3038907665,0.0,0.0,0.0
PPGPPMET-PWY: ppGpp metabolism,0.0,0.0,7.9115002335,0.0,7.4645761967,0.0,0.0,0.0,0.0,0.0,0.0,0.0,0.0,0.0,0.0,0.0,0.0,0.0,0.0,0.0,0.0,0.0,0.0,0.0,0.0,0.0,0.0,0.0,0.0
PWY-1042: glycolysis IV,106.5826670897,110.7043446802,206.2448512815,205.8803143138,338.6509823163,448.4016840251,173.6399624846,365.9956312277,152.6304269046,257.9941814762,130.3771251545,209.5994349919,188.5656267692,539.5025438786,81.9188571262,45.3967270719,67.4423735887,111.654438935,120.1971963669,185.9935462111,176.7620476296,120.7323618205,182.6449143445,122.6592588253,154.646724729,121.4332559034,12.2979737722,263.7173867305,148.7747895844
PWY-1269: CMP-3-deoxy-D-manno-octulosonate biosynthesis,55.2872678455,5.4344124788,20.015794518,0.0,28.0050564744,19.0812826224,5.3409102932,30.2520038812,0.0,20.5194561673,0.0,0.0,0.0,89.9725934208,43.1986737621,0.0,0.0,25.162968923,0.0,0.0,0.0,46.5942477064,16.433458568,14.0309161967,11.7251235833,0.0,0.0,0.0,28.7163805894
PWY-1861: formaldehyde assimilation II (assimilatory RuMP Cycle),0.0,0.0,0.0,0.0,0.0,0.0,0.0,0.0,0.0,0.0,0.0,0.0,0.0,0.0,0.0,0.0,0.0,0.0,26.2920305176,0.0,8.2546005227,0.0,0.0,0.0,15.2768434201,0.0,0.0,0.0,0.0
"PWY-241: C4 photosynthetic carbon assimilation cycle, NADP-ME type",0.0,0.0,19.8998166666,18.6375592949,85.533124347,36.1082422348,16.0086625685,105.4419779006,0.0,23.3369712884,0.0,0.0,0.0,17.4840073477,6.8127909303,0.0,0.0,0.0,8.5593754249,0.0,0.0,16.1706425679,24.650592079,0.0,28.7609390288,2.7355061197,0.0,38.4399268973,11.0235672854
PWY-2941: L-lysine biosynthesis II,40.2067913923,264.0598015393,117.289005139,115.8602962503,149.2009958322,245.4829312658,102.3051195683,81.4273169244,68.2565531291,61.4156270281,119.3086889971,149.0108223896,122.4204231237,278.0066205945,37.3207071363,74.3773376226,74.2822300127,68.128222229,63.141997126,190.546721486,110.7065820773,0.0,101.4684461322,102.3267645249,92.1189304109,129.6392026924,41.236369029,181.2390156618,72.6855167778
PWY-2942: L-lysine biosynthesis III,61.9481152159,0.0,89.0362735591,0.0,63.4150962482,237.9559309127,86.3272981694,161.6669497315,11.3720200415,94.8561357309,0.0,0.0,33.2888243229,249.0015722888,52.5623975331,20.7466646834,0.0,0.0,51.527000678,0.0,68.9032697816,0.0,50.6049663541,0.0,0.0,0.0,0.0,35.0014399848,71.9800488594
PWY-3001: superpathway of L-isoleucine biosynthesis I,24.4271317889,52.2783424486,63.1882763188,0.0,162.0089184319,194.7073173748,36.1748557594,109.072211791,47.9458754939,76.0759422636,0.0,0.0,46.2327617608,191.1259261762,42.4598931467,0.0,0.0,31.4608697579,24.5987029028,45.4954975156,40.6902885042,0.0,57.1803039337,45.3095812307,55.0844020336,0.0,0.0,49.1389133562,26.3526288637
PWY-3841: folate transformations II (plants),69.2412603937,278.9125276528,143.1547762206,121.369199996,226.4800941585,498.054656364,149.2865904056,215.2936670955,61.6209362391,122.2950935511,142.6528502219,186.2763294148,118.6906419975,449.0090066143,74.9579417535,77.4627285168,66.1298741174,83.9873468461,92.2404409753,249.2747338582,118.7258859392,85.9185262546,97.2474841448,85.5497337099,134.1429328146,150.8285103859,43.946815348,204.8166134068,81.0189362743
PWY-4041: &gamma;-glutamyl cycle,5.3262316911,0.0,0.0,0.0,13.6072405201,0.0,0.0,0.0,0.0,3.6034935268,0.0,0.0,0.0,0.0,0.0,0.0,0.0,0.0,0.0,0.0,0.0,0.0,5.5827534467,0.0,0.0,0.0,0.0,0.0,0.0
PWY-4984: urea cycle,0.0,0.0,0.0,0.0,0.0,27.7069712913,0.0,0.0,0.0,0.0,0.0,0.0,0.0,0.0,0.0,0.0,0.0,0.0,0.0,0.0,0.0,0.0,0.0,0.0,0.0,0.0,0.0,0.0,0.0
PWY-5005: biotin biosynthesis II,0.0,0.0,0.0,0.0,0.0,0.0,0.0,0.0,0.0,0.0,0.0,0.0,0.0,11.597799553,0.0,0.0,0.0,0.0,0.0,0.0,0.0,0.0,0.0,0.0,0.0,0.0,0.0,0.0,0.0
PWY-5097: L-lysine biosynthesis VI,55.1961763683,279.3344836798,117.8637207784,120.5588340655,206.6805611006,321.7251665647,127.290867253,148.7296601567,77.2811879802,117.4590460995,117.2877757131,145.9356807797,124.0810510267,359.0897981219,55.7412156449,67.4977503217,68.2574766518,71.5349906762,94.8134204064,196.2907952176,109.4305258968,110.7434304899,97.1076480893,101.6850592415,112.7548431809,126.7927081666,34.928404877,178.1004503168,68.7792649509
PWY-5100: pyruvate fermentation to acetate and lactate II,47.3824322447,82.2216844791,51.4236132996,26.2515328026,45.3875107657,71.6778708742,97.2300800312,59.843911518,32.6766610371,7.4816854815,9.0509721336,0.0,50.1864437216,143.7533174829,45.1096855204,44.8459903583,24.14368577,11.6805902295,14.1986098785,0.0,17.404729411,73.7803316916,42.1905085252,40.3221794837,62.1109780264,19.9437863126,13.669856974,67.2725402907,36.0639686321
PWY-5103: L-isoleucine biosynthesis III,58.0078162228,24.8776781229,80.4893928476,63.7916605227,163.2551768055,297.114164281,88.7524662124,227.4381978337,83.1857759846,128.1536689838,11.4839671802,24.7536668791,45.5172834126,332.0124843418,62.1121361837,10.1228772142,0.0,56.2037898366,60.6914871899,47.3428025413,36.9911778764,152.5977449223,73.8436682759,56.8775138287,63.8770699983,61.3056059214,0.0,84.9040133913,81.7740839935
PWY-5104: L-isoleucine biosynthesis IV,0.0,0.0,0.0,0.0,9.0626694472,0.0,0.0,0.0,0.0,0.0,0.0,0.0,0.0,0.0,0.0,0.0,0.0,0.0,0.0,0.0,0.0,0.0,0.0,0.0,0.0,0.0,0.0,0.0,0.0
PWY-5121: superpathway of geranylgeranyl diphosphate biosynthesis II (via MEP),0.0,17.6683172521,26.480104138,0.0,31.9610695342,90.2218141633,27.7105969252,37.166661017,21.31785486,0.0,0.0,0.0,20.2798037532,31.8985968894,28.6790741796,8.0814618374,0.0,0.0,0.0,2.9100398282,0.0,0.0,0.0,0.0,0.0,12.5938594604,0.0,0.0,0.0
PWY-5136: fatty acid &beta;-oxidation II (plant peroxisome),0.0,0.0,0.0,7.4729106987,8.6156171806,0.0,0.0,0.0,0.0,0.0,0.0,0.0,0.0,0.0,0.0,0.0,0.0,0.0,0.0,0.0,0.0,0.0,0.0,0.0,0.0,0.0,0.0,0.0,0.0
"PWY-5138: fatty acid &beta;-oxidation IV (unsaturated, even number)",0.0,0.0,0.0,0.0,2.7619496879,0.0,0.0,0.0,0.0,0.0,0.0,0.0,0.0,0.0,0.0,0.0,0.0,0.0,0.0,0.0,0.0,0.0,0.0,0.0,0.0,0.0,0.0,0.0,0.0
PWY-5154: L-arginine biosynthesis III (via N-acetyl-L-citrulline),21.6905211377,0.0,12.744735288,0.0,45.2162596441,35.6677281972,33.5710803824,83.4703395302,0.0,33.4757677967,0.0,0.0,22.4931834135,85.5995641728,33.4213142925,0.0,0.0,0.0,43.6115642083,0.0,0.0,26.5048944289,0.0,0.0,0.0,13.6604369407,0.0,0.0,0.0
PWY-5188: tetrapyrrole biosynthesis I (from glutamate),76.6714609799,0.0,21.9613808015,0.0,7.6885208825,0.0,0.0,14.2534172162,0.0,0.0,0.0,0.0,0.0,29.2680742466,20.0819350516,0.0,0.0,22.8087602955,15.2388613932,0.0,0.0,28.7310353865,9.8055812742,0.0,0.0,0.0,0.0,0.0,26.1368521206
PWY-5189: tetrapyrrole biosynthesis II (from glycine),0.0,0.0,4.1566797275,0.0,0.0,0.0,0.0,11.289217349,0.0,0.0,0.0,0.0,0.0,0.0,3.9257576915,0.0,0.0,0.0,0.0,0.0,0.0,9.9728663582,0.0,0.0,0.0,0.0,0.0,0.0,14.6131632866
PWY-5265: peptidoglycan biosynthesis II (staphylococci),0.0,0.0,0.0,0.0,0.0,0.0,27.6331026336,0.0,0.0,0.0,0.0,0.0,0.0,0.0,0.0,0.0,0.0,0.0,0.0,0.0,0.0,0.0,0.0,0.0,0.0,0.0,0.0,0.0,0.0
PWY-5345: superpathway of L-methionine biosynthesis (by sulfhydrylation),0.0,0.0,0.0,0.0,31.9849181825,0.0,0.0,0.0,0.0,0.0,0.0,0.0,0.0,0.0,0.0,0.0,0.0,0.0,0.0,0.0,0.0,0.0,5.1841629571,0.0,0.0,0.0,0.0,0.0,0.0
PWY-5347: superpathway of L-methionine biosynthesis (transsulfuration),0.0,0.0,0.0,0.0,10.2871636524,0.0,0.0,0.0,0.0,0.0,0.0,0.0,0.0,0.0,0.0,0.0,0.0,0.0,0.0,0.0,0.0,0.0,0.0,0.0,0.0,0.0,0.0,0.0,0.0
PWY-5384: sucrose degradation IV (sucrose phosphorylase),45.2048835321,324.9095017228,102.5919307874,151.0931436394,134.2160906119,102.6922536779,79.7440471947,71.2403149717,54.1554116794,65.3155467672,147.4653975623,144.6710472729,137.9500201921,177.4557414689,0.0,93.2038794162,74.7943864869,29.7571094423,44.5098029859,246.7312937732,69.390672428,0.0,97.149614468,84.9137445897,98.3437626302,128.0141013576,41.2984534866,165.3174157838,33.9524375672
PWY-5484: glycolysis II (from fructose 6-phosphate),80.9539612268,34.2355652183,70.3001192498,74.9693390812,227.9149968273,293.6378546898,107.7561569292,211.5048677276,91.7151755475,120.393314864,44.0925761621,35.6420271343,110.4955979634,181.1858760088,64.3648051065,0.0,0.0,67.5781271686,71.2453761461,65.8321505602,11.2342930758,77.9546309675,97.1090278758,40.8935414124,105.3272306102,57.5978601073,0.0,126.4620262591,69.5287035578
PWY-5505: L-glutamate and L-glutamine biosynthesis,0.0,0.0,0.0,0.0,3.0759087699,39.4029045645,0.0,0.0,0.0,0.0,0.0,0.0,0.0,69.0276146391,0.0,0.0,0.0,0.0,0.0,0.0,0.0,0.0,0.0,0.0,0.0,0.0,0.0,0.0,0.0
PWY-5659: GDP-mannose biosynthesis,5.6981584587,0.0,8.1468238449,0.0,15.8260857521,29.1724984087,25.8541995245,0.0,23.6912540062,34.1993288419,0.0,0.0,31.051925031,43.702105949,20.5394188229,0.0,0.0,0.0,40.9897453871,0.0,0.0,52.24308709,4.0811266512,11.6173211934,0.0,0.0,0.0,11.1544958977,0.0
PWY-5667: CDP-diacylglycerol biosynthesis I,50.6461784631,64.4655005226,43.3598821687,51.7392292873,114.8934190404,245.2834266818,47.0858135842,138.2515039171,57.8498592535,84.3595466863,32.4344149766,36.9949575818,27.4434207453,240.4451487577,46.5208219776,16.1327514447,34.1463473127,43.5805552903,79.6215758088,21.9877159249,36.5268429984,84.1500528759,92.8589550288,20.8713231794,60.3215037155,63.0855313375,0.0,60.5476077669,39.8585433804
PWY-5675: nitrate reduction V (assimilatory),0.0,0.0,0.0,0.0,128.7075381692,0.0,0.0,0.0,0.0,0.0,0.0,0.0,0.0,0.0,0.0,0.0,0.0,0.0,0.0,0.0,0.0,0.0,0.0,0.0,0.0,0.0,0.0,0.0,0.0
PWY-5676: acetyl-CoA fermentation to butanoate II,0.0,0.0,0.0,0.0,24.1869484442,0.0,0.0,0.0,0.0,0.0,0.0,0.0,0.0,7.0130769976,6.4108615756,0.0,0.0,0.0,0.0,0.0,0.0,0.0,0.0,0.0,0.0,0.0,0.0,0.0,0.0
PWY-5686: UMP biosynthesis I,109.5666217512,432.5276571058,247.2705666328,256.9109324011,349.3197725506,657.3970578016,169.0869783516,351.4974233241,141.0761103254,245.1490664474,306.8509298744,266.790839692,211.6984256016,511.9929437135,100.39313231,110.5752495048,117.34604109,101.3303594695,165.4814498371,355.2475750625,200.7039195565,97.7377409137,239.766759108,108.5227230183,224.4108588462,166.4783209523,52.2445368642,292.0246703207,137.3012347242
PWY-5690: TCA cycle II (plants and fungi),0.0,0.0,0.0,0.0,0.0,0.0,0.0,13.4762950771,0.0,0.0,0.0,0.0,0.0,9.3881861667,0.0,0.0,0.0,0.0,0.0,0.0,0.0,0.0,0.0,0.0,0.0,0.0,0.0,0.0,0.0
PWY-5695: inosine 5'-phosphate degradation,94.7872925274,13.9012703875,67.8556190014,15.0411208054,74.820368652,26.0624438251,97.0819158227,60.884499072,0.0,26.0918373791,39.1915135619,0.0,78.972878349,167.5466488367,44.8047274507,10.4540889057,0.0,36.4615404633,24.5268596911,0.0,14.6102476807,74.5382802856,72.0654578846,36.588823799,53.0537639809,7.9205121698,0.0,46.1177814905,86.0472412687
PWY-5723: Rubisco shunt,0.0,0.0,10.5650646327,0.0,21.1182990609,0.0,20.0426978675,0.0,0.0,0.0,0.0,0.0,0.0,0.0,0.0,0.0,0.0,0.0,0.0,0.0,5.7669885641,0.0,0.0,0.0,0.0,0.0,0.0,0.0,16.648156395
PWY-5910: superpathway of geranylgeranyldiphosphate biosynthesis I (via mevalonate),0.0,6.7896345771,0.0,0.0,0.0,0.0,13.6009412631,0.0,0.0,0.0,0.0,0.0,10.2368513187,0.0,0.0,0.0,0.0,0.0,0.0,0.0,0.0,0.0,0.0,0.0,0.0,0.0,0.0,0.0,0.0
PWY-5913: partial TCA cycle (obligate autotrophs),0.0,0.0,32.4959147892,33.5429837928,13.9084626505,50.7901791194,38.5606710546,44.8648355205,7.8987292153,46.0634147065,0.0,0.0,0.0,66.0281626999,7.8434904799,0.0,0.0,0.0,0.0,0.0,7.802756459,3.7267986276,0.0,0.0,30.9059513938,0.0,0.0,6.8848004019,0.0
PWY-5941: glycogen degradation II,26.6844146546,64.9811129006,44.5117002262,129.3339198137,295.0597725441,410.1855937587,115.3379156248,229.0900919254,139.8513890375,196.941212988,21.6807708955,28.7098630951,141.9399571175,351.7656047319,71.7134887071,40.8075648117,41.5345864143,72.3016130435,138.6343938438,56.9264864346,57.91852933,51.6649459047,62.5409348003,78.9681574185,128.2092663729,43.8652745798,17.9536221388,197.684864568,42.3806375263
PWY-5973: cis-vaccenate biosynthesis,6.110895378,40.6091103843,92.6941191621,113.5945902467,93.0774131636,222.8100921388,82.8827843268,144.1838466122,73.8483989895,110.2508301103,0.0,6.7775127272,154.3308533046,276.204324077,60.4342938245,37.6876665024,84.9545647796,47.5341603011,55.0195207469,103.5274194315,94.337757927,41.5524664486,69.7745050909,57.0991904717,76.7343268687,43.0205675332,15.1956462318,80.2122119082,43.3130376121
PWY-5981: CDP-diacylglycerol biosynthesis III,38.5000128173,218.7104032518,82.1955582174,62.5046212571,99.3333895369,189.5033990949,56.5335614259,81.4552272363,60.0253642396,78.2274554034,77.0191927004,106.2698106964,102.51874397,194.8512267386,0.0,65.3630716244,32.0070841271,49.7265156273,57.6180870612,161.0322402675,97.5551300922,0.0,82.4172598709,43.7043911363,65.0311655267,94.2089379763,16.390412225,160.8513221447,34.1017476454
PWY-5989: stearate biosynthesis II (bacteria and plants),6.4367177342,0.0,0.0,0.0,36.8419782186,0.0,0.0,0.0,0.0,0.0,0.0,0.0,0.0,0.0,18.1996381579,0.0,0.0,0.0,0.0,12.0446134351,0.0,0.0,0.0,0.0,8.1473698303,3.2423808864,0.0,0.0,0.0
PWY-6121: 5-aminoimidazole ribonucleotide biosynthesis I,62.5354650114,410.3594923306,226.4370893321,282.573510165,359.5769845877,551.122875885,127.3180511745,263.2858190565,170.3868890812,182.156230408,255.1460385093,251.3631196091,156.1634259956,483.0895050989,84.7717936536,133.3764802572,144.9803497638,94.2833610415,175.678094107,378.7625148185,203.3503899742,104.1563668786,229.0066827128,144.9733535707,176.5891886995,250.6685410675,58.2723524498,305.2212943279,157.4951459498
PWY-6122: 5-aminoimidazole ribonucleotide biosynthesis II,54.4712330342,426.8637372805,247.041517051,297.8649396299,370.0258850264,607.1972718885,133.2916043556,304.6188408319,163.3448665981,204.5793042011,245.0472383909,283.7574151126,202.6988013617,495.5815075809,86.413762422,139.1682609638,143.2837402147,99.1380357977,175.4306355257,417.2837134757,203.2734002465,108.982536725,230.5514624098,142.8378126722,178.1561796547,241.6544447947,57.5560674578,301.1234843946,155.8503726706
PWY-6123: inosine-5'-phosphate biosynthesis I,104.3479688057,460.8318400737,179.1108708494,219.7957323333,294.4416800911,381.5467996773,111.5415989005,284.3458252593,121.4489721611,169.5401864912,311.7616230848,256.1925823059,158.6691577381,442.7908517194,68.494276304,144.6293489686,151.4948174556,106.8892951063,151.3338314053,361.7127119813,218.7099199699,102.4154442472,216.0585275663,177.0113319614,124.3692046651,204.7834781271,55.0672483517,320.718283306,143.5967172449
PWY-6124: inosine-5'-phosphate biosynthesis II,95.8653436793,421.832005372,184.3409831297,216.3531584269,269.7938973206,353.6054107503,103.5209701386,268.9335907993,112.1158714652,160.4397235882,276.05330373,189.5369118605,141.1941886501,405.3284235118,63.3219674387,126.0909111404,106.2065592496,102.7155811022,151.5036893979,309.9049395913,235.0989265833,104.1233868462,191.5971282856,164.9547510976,111.4227536444,203.1164146159,52.7164435888,296.4196278427,130.9646643303
PWY-6125: superpathway of guanosine nucleotides de novo biosynthesis II,76.3201354315,24.1884149478,56.672877693,0.0,13.6005555268,15.8072502224,32.0234566952,19.3132063596,0.0,24.4208466644,0.0,0.0,0.0,43.4807614808,38.7902013246,0.0,0.0,48.3270287653,0.0,0.0,34.3977609369,80.9008698782,33.7038215958,17.4206478598,17.6829381166,65.9538670338,0.0,29.3196147129,40.7200510675
PWY-6126: superpathway of adenosine nucleotides de novo biosynthesis II,99.756427333,35.0417675127,74.5738049307,0.0,20.1748233562,23.4232325926,45.5666584577,27.3276623396,0.0,35.1017130103,0.0,0.0,0.0,63.5956842202,48.3713321665,0.0,0.0,64.4243301894,0.0,0.0,49.4147837943,114.6765382288,42.6070497984,24.1205164571,25.7615550231,85.2085438453,0.0,41.8794731325,54.7914033494
PWY-6147: 6-hydroxymethyl-dihydropterin diphosphate biosynthesis I,31.0930549541,0.0,20.7023107715,0.0,0.0,0.0,8.9171340872,9.3020287609,0.0,27.19222408,0.0,0.0,0.0,0.0,44.44114948,0.0,0.0,18.8044205158,15.6475157697,0.0,8.0215618683,17.945207901,0.0,13.8969867596,24.2082000512,15.4347448348,3.6413290851,0.0,37.4035397479
PWY-6151: S-adenosyl-L-methionine salvage I,0.0,313.5555515247,170.6182735121,220.1810658326,130.9019370796,329.7483987899,113.2066924829,138.7386824664,101.3599188997,154.4121999818,80.1481942356,198.9160760079,228.035189591,385.8732099916,106.5669874981,83.5599032074,97.1424966228,120.8703139345,114.5499175549,265.4598182802,117.2332597142,82.9103529936,47.9994944866,48.1426227162,126.0097478695,145.49153413,48.4708809781,231.9113275927,76.7160286221
PWY-6163: chorismate biosynthesis from 3-dehydroquinate,84.6096549873,0.0,42.07558365,51.15278502,60.6918154745,237.7287281374,77.2396763299,159.2156226721,79.0602632657,101.4915931981,31.027739211,19.5071864461,25.7922100604,268.4007181558,81.5097367504,9.3636523796,0.0,40.8334518457,82.7451588687,19.8143287241,13.2718616852,84.2129960521,43.433622154,40.2377780498,56.2056884848,20.5480517598,0.0,48.9038038452,46.9191197088
PWY-621: sucrose degradation III (sucrose invertase),0.0,0.0,0.0,0.0,0.0,10.2002203805,0.0,34.6611036259,13.7581930968,4.2669531136,0.0,0.0,20.3925368864,53.1800061522,0.0,0.0,0.0,0.0,11.0730052375,0.0,7.2235980561,0.0,19.0464309152,0.0,0.0,0.0,0.0,57.5864884083,0.0
PWY-6270: isoprene biosynthesis I,0.0,30.0927367415,25.17725034,0.0,81.3221826314,223.417976487,49.8878515292,100.731139313,38.5027289093,65.0547982663,0.0,19.2878052595,18.8989532898,172.0877002418,38.4581064808,0.0,0.0,31.1111951592,46.4931291014,12.1527620579,26.6072075266,0.0,29.1468488225,12.8579511988,37.4699611614,17.6121601114,0.0,0.0,34.6086301543
PWY-6277: superpathway of 5-aminoimidazole ribonucleotide biosynthesis,54.4712330342,426.8637372805,247.041517051,297.8649396299,370.0258850264,607.1972718885,133.2916043556,304.6188408319,163.3448665981,204.5793042011,245.0472383909,283.7574151126,202.6988013617,495.5815075809,86.413762422,139.1682609638,143.2837402147,99.1380357977,175.4306355257,417.2837134757,203.2734002465,108.982536725,230.5514624098,142.8378126722,178.1561796547,241.6544447947,57.5560674578,301.1234843946,155.8503726706
PWY-6282: palmitoleate biosynthesis I (from (5Z)-dodec-5-enoate),6.6486121863,0.0,0.0,0.0,59.5305761021,0.0,0.0,0.0,0.0,0.0,0.0,0.0,0.0,0.0,28.3588453044,0.0,0.0,0.0,0.0,33.946151261,0.0,0.0,0.0,0.0,19.3275423398,12.1085265537,0.0,0.0,0.0
PWY-6292: superpathway of L-cysteine biosynthesis (mammalian),0.0,21.8786678937,7.3147509286,0.0,34.3400209858,96.6717755559,35.404791676,28.7448019266,17.083796911,41.4497964475,0.0,0.0,49.1871387283,98.7018294881,14.9115506069,0.0,0.0,16.0088774856,0.0,9.2674253017,5.8838737784,13.1106190345,34.8531143352,0.0,8.2995521386,0.0,0.0,11.9823693336,0.0
PWY-6293: superpathway of L-cysteine biosynthesis (fungi),0.0,0.0,0.0,0.0,7.0664014496,7.8504975015,0.0,0.0,7.2447381237,0.0,0.0,0.0,0.0,33.5956307226,0.0,0.0,0.0,0.0,0.0,0.0,0.0,0.0,0.0,0.0,0.0,0.0,0.0,0.0,0.0
PWY-6305: superpathway of putrescine biosynthesis,8.8292304557,0.0,7.6454872323,8.6330986145,25.2346205692,17.832973117,7.6899982952,8.1881058811,13.308885871,12.0263045391,0.0,0.0,12.6013103509,28.1957398989,0.0,0.0,0.0,0.0,0.0,0.0,0.0,8.0762920954,11.1226908793,12.6912843053,7.5620290557,0.0,0.0,0.0,0.0
PWY-6317: D-galactose degradation I (Leloir pathway),50.5305073751,244.6160016939,112.5885103425,119.9586549108,191.5008626948,282.6844510176,94.4624006948,169.6087356052,72.2750976406,123.9637449017,124.7293032196,164.7755305638,138.0237283012,321.7964614994,70.1532502936,95.8771424983,91.1287472773,67.0828762459,90.9138104105,182.0735519035,99.4582208736,41.3150500028,78.0769278218,105.3891632001,114.6910416172,108.4459259634,19.1348054613,174.2409930765,55.3427039246
PWY-6353: purine nucleotides degradation II (aerobic),6.4448086553,0.0,0.0,0.0,23.5457156184,9.9870103131,0.0,0.0,0.0,0.0,0.0,0.0,0.0,0.0,17.3596707475,0.0,0.0,0.0,0.0,0.0,0.0,0.0,0.0,0.0,12.2459320249,0.0,0.0,0.0,0.0
PWY-6385: peptidoglycan biosynthesis III (mycobacteria),72.8747113109,132.8741042363,97.3131776817,90.5379418315,213.7419780275,361.9729375015,103.168418969,222.4781692465,87.5196642634,83.6989650009,25.2858126549,47.1467666989,129.5285851274,378.0358912608,63.4171770131,51.2467487531,21.4442745784,58.8482706886,76.5005513114,0.0,67.8760260719,78.2472042033,79.4971305379,89.4489532095,115.7168159577,71.8643420439,22.1289235063,68.0042965861,100.993043515
PWY-6386: UDP-N-acetylmuramoyl-pentapeptide biosynthesis II (lysine-containing),78.0415453456,333.4909634514,155.9060271514,149.6402048499,232.2154103231,403.8721585314,116.9621394212,221.2942923948,104.7912792074,148.7394443468,151.8325925197,202.1301235065,164.9272169327,450.8880271205,79.537293756,100.6693877029,84.3190075099,86.8830288286,112.0232280465,304.3187303267,103.8827138326,87.19026733,136.3265653074,123.0171496585,138.6703934909,171.2308658549,31.5698440721,223.5773216812,111.5995114823
PWY-6387: UDP-N-acetylmuramoyl-pentapeptide biosynthesis I (meso-diaminopimelate containing),75.760378703,296.1613368405,133.5716447002,143.8807294239,227.020098958,385.3539359914,108.1033229739,222.3481453153,100.7873894364,143.6362992244,134.8825225727,174.2332300043,149.773779562,448.4026175597,74.2400149946,80.9678849436,71.6208315871,78.3333192153,106.183008559,278.1382867544,93.5149737723,84.7652828049,118.7259628447,115.1594977896,127.2751341469,140.7665457092,25.3107123603,190.0158774212,101.4708591436
PWY-6470: peptidoglycan biosynthesis V (&beta;-lactam resistance),0.0,0.0,27.8781525953,0.0,0.0,0.0,0.0,0.0,0.0,0.0,0.0,0.0,0.0,0.0,0.0,0.0,0.0,0.0,0.0,0.0,0.0,0.0,0.0,0.0,0.0,0.0,0.0,0.0,0.0
PWY-6507: 4-deoxy-L-threo-hex-4-enopyranuronate degradation,0.0,0.0,0.0,0.0,42.0109577007,36.1387543421,0.0,13.4710921157,13.1108011657,88.6299591858,0.0,0.0,0.0,27.7590798322,10.4652332296,0.0,0.0,0.0,18.35518604,14.2565035641,16.7981050999,28.047742231,0.0,9.9077757416,0.0,0.0,0.0,42.0368889689,0.0
PWY-6519: 8-amino-7-oxononanoate biosynthesis I,0.0,0.0,0.0,0.0,31.6856398783,0.0,0.0,0.0,0.0,0.0,0.0,0.0,0.0,0.0,0.0,0.0,0.0,0.0,0.0,0.0,0.0,0.0,0.0,0.0,0.0,0.0,0.0,0.0,0.0
PWY-6527: stachyose degradation,56.1319339636,323.0398817832,126.4314452089,154.993583263,270.7699911114,309.7018353992,95.2655800458,120.8414432264,76.1232842438,96.1072394082,158.3062521615,213.0530195644,194.7761989942,379.1962008743,34.1262658121,120.8237713073,130.1777134945,96.3706862153,91.6495757567,268.1203615408,89.8639324135,34.9595318361,99.3282460638,95.299943101,143.3260781181,147.4002032597,36.061392606,222.9397491211,85.3183273809
PWY-6531: mannitol cycle,0.0,0.0,0.0,0.0,0.0,0.0,0.0,0.0,0.0,0.0,0.0,0.0,0.0,5.1057919377,0.0,0.0,0.0,0.0,0.0,0.0,0.0,0.0,0.0,0.0,0.0,0.0,0.0,0.0,0.0
PWY-6545: pyrimidine deoxyribonucleotides de novo biosynthesis III,32.420359446,10.8384753027,49.7437047579,0.0,15.4194379568,14.9645312185,25.8959850712,17.0392425384,0.0,21.9494005857,0.0,0.0,0.0,40.9131239878,33.730702945,0.0,0.0,34.7893230533,0.0,0.0,30.9753869511,32.7488232441,27.5848652283,10.9523992296,15.9349651907,53.7384415493,0.0,24.849844514,34.1423275484
PWY-6549: L-glutamine biosynthesis III,0.0,0.0,20.7968285022,0.0,5.7772928677,50.7979962258,26.3457440072,33.1530608286,0.0,31.1725588566,0.0,0.0,0.0,76.3724515201,18.8353742014,0.0,0.0,0.0,0.0,0.0,7.6912327576,6.322082937,0.0,0.0,31.5477100714,0.0,0.0,0.0,0.0
PWY-6588: pyruvate fermentation to acetone,0.0,0.0,0.0,0.0,0.0,0.0,0.0,0.0,0.0,0.0,0.0,0.0,0.0,0.0,0.0,0.0,0.0,0.0,0.0,0.0,0.0,17.4774420528,0.0,0.0,0.0,0.0,0.0,0.0,0.0
PWY-6590: superpathway of Clostridium acetobutylicum acidogenic fermentation,0.0,0.0,0.0,0.0,7.6204215638,0.0,0.0,0.0,0.0,0.0,0.0,0.0,0.0,0.0,0.0,0.0,0.0,0.0,0.0,0.0,5.7040644696,0.0,0.0,0.0,0.0,0.0,0.0,0.0,0.0
PWY-6595: superpathway of guanosine nucleotides degradation (plants),0.0,0.0,0.0,0.0,0.0,8.5860366791,0.0,0.0,0.0,0.0,0.0,0.0,0.0,0.0,0.0,0.0,0.0,0.0,0.0,0.0,0.0,0.0,0.0,0.0,0.0,0.0,0.0,0.0,0.0
PWY-6606: guanosine nucleotides degradation II,2.6421348084,0.0,13.4050195298,0.0,25.3148346997,15.5734750846,0.0,13.7052543712,0.0,0.0,0.0,0.0,0.0,0.0,10.8367662892,0.0,0.0,0.0,0.0,0.0,0.0,0.0,0.0,0.0,9.9909971091,2.2470328147,0.0,0.0,0.0
PWY-6607: guanosine nucleotides degradation I,0.0,0.0,0.0,0.0,25.3148346997,6.7676113701,0.0,0.0,0.0,0.0,0.0,0.0,0.0,0.0,0.0,0.0,0.0,0.0,0.0,0.0,0.0,0.0,0.0,0.0,9.9909971091,0.0,0.0,0.0,0.0
PWY-6608: guanosine nucleotides degradation III,14.3089229733,0.0,14.4146887732,0.0,35.2521465011,20.6624357239,0.0,28.6549597525,0.0,15.4179924223,0.0,0.0,0.0,4.7866052461,17.1252895312,0.0,0.0,0.0,13.6588208883,0.0,0.0,31.0892974512,0.0,0.0,10.1764623272,2.3190646662,0.0,0.0,4.7810639051
PWY-6609: adenine and adenosine salvage III,92.3941965822,11.7121055026,61.5887195849,114.2767786893,117.2403792744,352.7459642916,151.3035436881,126.8362484007,64.9571462502,151.2213449065,77.9113702206,70.7697624983,69.6784508813,223.4062281592,43.4145152573,7.9426332657,23.2569271386,30.7976300541,125.0038429042,41.1024354611,31.7715092198,92.5481997885,74.2660150741,90.8430517129,50.8831533538,99.9722415801,0.0,40.8189481187,92.5837978497
PWY-6628: superpathway of L-phenylalanine biosynthesis,0.0,0.0,0.0,0.0,11.416446874,23.6117388987,17.4402227605,19.835260774,0.0,0.0,0.0,0.0,0.0,43.5939401166,18.8765180963,0.0,0.0,0.0,0.0,0.0,0.0,30.7036750615,0.0,16.7276765338,0.0,0.0,0.0,0.0,0.0
PWY-6629: superpathway of L-tryptophan biosynthesis,63.9320428831,0.0,22.1014413651,0.0,65.1507960746,169.3239557021,26.137198426,62.2554988275,0.0,24.3001109148,0.0,0.0,0.0,48.2686767799,0.0,0.0,0.0,23.4894175298,23.6496273521,0.0,0.0,0.0,30.5075475729,0.0,46.2447159698,0.0,0.0,0.0,0.0
PWY-6630: superpathway of L-tyrosine biosynthesis,0.0,0.0,10.1233533944,0.0,13.0899131953,0.0,0.0,0.0,0.0,0.0,0.0,0.0,0.0,0.0,0.0,0.0,0.0,0.0,0.0,0.0,0.0,0.0,0.0,0.0,0.0,0.0,0.0,0.0,0.0
PWY-6700: queuosine biosynthesis I (de novo),58.3386136517,3.8319037656,62.9743347437,6.9264677543,113.5441193265,207.2142070249,38.1016828841,144.7769944107,61.4373044669,107.9785296075,18.958394273,14.3528482352,35.8610760759,206.9584465299,73.7892076855,16.839886825,0.0,27.7661768862,58.6952016486,17.5028808764,47.3387423028,104.2177701193,33.2407860854,29.5456806107,51.928676174,21.1467760556,0.0,28.8411344388,12.7050755572
PWY-6703: preQ0 biosynthesis,85.0602063665,0.0,32.1768021412,0.0,50.022556107,27.6024674325,46.6218971357,82.2608812046,0.0,25.2200049953,6.8944916171,0.0,10.1261679966,107.8019986754,50.8588467898,0.0,0.0,24.7344090939,18.312123988,0.0,5.4453989753,91.0083815648,42.3424370094,20.801283861,44.2790260961,0.0,0.0,0.0,26.8432869358
PWY-6731: starch degradation III,0.0,0.0,0.0,0.0,19.2288594526,0.0,0.0,0.0,0.0,0.0,0.0,0.0,0.0,60.6857089018,0.0,0.0,0.0,0.0,0.0,0.0,0.0,0.0,0.0,0.0,0.0,0.0,0.0,0.0,0.0
PWY-6803: phosphatidylcholine acyl editing,0.0,0.0,0.0,0.0,31.2266653949,0.0,0.0,0.0,0.0,0.0,0.0,0.0,0.0,0.0,0.0,0.0,0.0,0.0,0.0,0.0,0.0,0.0,0.0,0.0,0.0,0.0,0.0,0.0,0.0
PWY-6823: molybdopterin biosynthesis,78.783828067,8.9305648582,12.5206523976,15.0420122383,8.0592903107,66.3389158802,49.0779674973,75.6323270445,41.7796938752,62.9260885644,15.5892939291,0.0,46.1075588915,60.1804560169,24.3796982273,5.381987554,4.6674445741,11.694802351,33.5468896025,6.4344804014,25.0583493913,48.4293873335,10.4156015896,40.8258381898,8.280491939,25.9905257593,0.0,0.0,72.8888574341
PWY-6859: all-trans-farnesol biosynthesis,0.0,10.3108595624,20.3787278637,0.0,14.7603566319,0.0,15.1477340381,0.0,0.0,0.0,0.0,0.0,12.7565003376,12.8163782811,0.0,8.7899129043,4.5043336976,0.0,0.0,1.2297122426,0.0,0.0,0.0,0.0,0.0,8.2058428586,0.0,0.0,0.0
PWY-6892: thiazole component of thiamine diphosphate biosynthesis I,33.4099508337,10.4270009841,28.3036373933,0.0,22.1425070605,88.7342965007,10.9694611614,56.2966928046,0.0,14.5375268966,0.0,0.0,8.759451542,70.9922496891,38.3179538527,0.0,0.0,11.687258977,12.7495948896,0.0,0.0,37.2416347158,33.6147385853,0.0,22.5326175105,0.0,0.0,0.0,12.0960557611
PWY-6895: superpathway of thiamine diphosphate biosynthesis II,0.0,0.0,32.5590112609,0.0,0.0,0.0,22.2898080402,84.600959338,0.0,0.0,0.0,0.0,0.0,126.0309071962,29.7693178603,0.0,0.0,16.804181407,14.9718581768,0.0,0.0,49.3669394279,27.6532622671,0.0,0.0,0.0,0.0,0.0,0.0
PWY-6897: thiamine diphosphate salvage II,23.4530586119,12.0094951577,38.2458374487,20.640230711,69.5416691362,146.6457787127,41.4569837518,96.6980010941,49.7829248277,71.7000470657,4.8662805717,12.1969436101,15.0913366188,200.8984487916,25.6281422993,8.0704226327,14.8194172812,24.2358797185,22.8228275669,0.0,21.5399377139,69.5888452225,72.8679368057,22.8752781537,57.2473558722,15.1075429824,3.9231379563,57.3916237792,21.5688487166
PWY-6901: superpathway of glucose and xylose degradation,0.0,0.0,12.3777663528,0.0,58.2077067224,0.0,52.393990613,0.0,0.0,0.0,0.0,0.0,18.7413818575,46.1807235644,10.317399739,0.0,0.0,0.0,31.2418001669,12.017468804,16.3061085946,0.0,15.7201663806,0.0,0.0,0.0,0.0,0.0,25.0138330551
PWY-6902: chitin degradation II (Vibrio),0.0,0.0,0.0,0.0,21.6253584016,0.0,0.0,0.0,0.0,0.0,0.0,0.0,6.6430469442,0.0,0.0,0.0,0.0,0.0,0.0,0.0,0.0,0.0,0.0,0.0,8.111239861,0.0,0.0,0.0,0.0
PWY-6936: seleno-amino acid biosynthesis (plants),12.0294634491,26.5702178726,21.0886313873,10.5381315052,26.7988060835,43.4679254489,53.812756402,7.0000881635,13.7233234718,0.0,0.0,0.0,74.8330359011,18.3449638361,21.6400733028,8.4532814536,13.8960377767,0.0,13.4475771205,6.0824810176,0.0,0.0,8.0994117108,23.1556448094,39.9933338062,0.0,0.0,14.9668286758,0.0
PWY-6969: TCA cycle V (2-oxoglutarate synthase),0.0,0.0,14.9618332969,0.0,0.0,7.8607263647,14.3201846317,34.181897213,0.0,0.0,0.0,0.0,0.0,16.1817587284,9.4148122347,0.0,0.0,0.0,0.0,0.0,0.0,4.1415361935,0.0,0.0,7.1169744833,0.0,0.0,0.0,0.0
"PWY-6992: 1,5-anhydrofructose degradation",0.0,0.0,0.0,0.0,0.0,0.0,0.0,0.0,0.0,0.0,0.0,0.0,0.0,0.0,0.0,0.0,0.0,0.0,0.0,0.0,0.0,0.0,1.3117028712,0.0,0.0,0.0,0.0,0.0,0.0
"PWY-7013: (S)-propane-1,2-diol degradation",0.0,0.0,0.0,0.0,0.0,0.0,12.4966009403,0.0,3.2486543811,0.0,0.0,0.0,0.0,0.0,0.0,0.0,0.0,17.3984422716,0.0,0.0,0.0,0.0,0.0,0.0,3.1408699587,0.0,0.0,0.0,0.0
PWY-702: L-methionine biosynthesis II,0.0,0.0,0.0,0.0,39.9879365899,15.8724678789,9.7808973173,0.0,5.9388194656,0.0,0.0,0.0,10.1381123612,18.4212415801,9.6293913348,0.0,0.0,0.0,7.0052598928,0.0,0.0,0.0,0.0,0.0,0.0,0.0,0.0,0.0,0.0
PWY-7111: pyruvate fermentation to isobutanol (engineered),33.2444431761,21.6572526945,9.2763232701,21.0231152228,189.9772223165,207.4020022451,111.3929248543,161.9306758046,69.3078130242,54.4360180836,0.0,0.0,44.1838639703,226.9539122906,42.0933605345,9.6565566034,0.0,29.9389662956,80.6100299422,20.000071055,9.290605274,0.0,39.2941359115,47.8298894948,37.8008492176,11.9199183473,0.0,53.552254077,47.846282259
"PWY-7115: C4 photosynthetic carbon assimilation cycle, NAD-ME type",0.0,0.0,10.009263755,0.0,0.0,16.1988287276,8.7010995854,0.0,0.0,20.3560595155,0.0,0.0,0.0,0.0,0.0,0.0,0.0,0.0,0.0,0.0,0.0,0.0,13.9835590864,0.0,0.0,0.0,0.0,0.0,0.0
"PWY-7117: C4 photosynthetic carbon assimilation cycle, PEPCK type",0.0,0.0,21.2153976491,0.0,83.338080724,37.6309947327,12.1473642325,75.7458356034,0.0,23.35957297,0.0,0.0,0.0,19.6089076407,19.9199712171,0.0,0.0,0.0,8.0616891747,0.0,0.0,0.0,28.1146526983,18.0453211803,36.007534317,0.0,0.0,23.1299183864,13.3742653961
PWY-7184: pyrimidine deoxyribonucleotides de novo biosynthesis I,34.311873752,22.8253144313,49.8056527427,0.0,15.9042574087,15.072191287,28.6121710904,17.3563829413,0.0,21.7991752537,0.0,0.0,0.0,40.943103343,33.9406453872,0.0,0.0,42.4700237204,0.0,0.0,32.1718985889,34.1963839968,29.0190433776,16.0711316138,16.5985837583,61.0671258407,0.0,27.6367167569,36.2916706023
PWY-7185: UTP and CTP dephosphorylation I,30.4062625676,48.5186464116,139.5834448267,22.6863542558,120.2707036853,13.1391782047,98.5610931093,88.1003417725,0.0,36.6047837436,65.4837858057,0.0,157.9693413928,258.4770133833,66.3581437852,60.4860676768,0.0,85.8698619743,31.8911781167,0.0,24.7362598525,27.9012020522,113.3015752579,53.3344121221,96.5407216984,11.990344012,0.0,115.8425578813,101.378076425
PWY-7197: pyrimidine deoxyribonucleotide phosphorylation,66.7587192962,14.8522344103,47.7989526006,0.0,7.8906179892,9.1435794973,20.7173918218,12.2314953777,0.0,14.7444560618,0.0,0.0,0.0,26.0276826599,38.2581918088,0.0,0.0,33.4082125866,0.0,0.0,23.3187275512,67.0272363625,31.3593192475,10.8686765368,10.7388582056,48.5723049104,0.0,18.8556162784,29.6835463723
PWY-7198: pyrimidine deoxyribonucleotides de novo biosynthesis IV,61.8628668914,24.0777117193,55.142625105,0.0,13.5037867161,15.6085881159,35.1839041958,23.3673621946,0.0,22.6389960649,0.0,0.0,0.0,42.5402316201,37.7749074468,0.0,0.0,43.4758318687,0.0,0.0,33.8466303261,71.0684228902,39.4245515711,17.1600995198,17.3738199958,69.4557644051,0.0,29.513432082,37.498089319
PWY-7199: pyrimidine deoxyribonucleosides salvage,57.8338184471,92.7644046573,79.6187123508,85.2775190335,15.8861398821,329.6098757199,89.2517750587,184.0596065812,55.3474068966,137.5364501819,38.5503356409,0.0,0.0,276.2391208845,91.1228320078,0.0,31.9909698514,60.3865690477,63.958986598,22.576123766,52.3724993498,124.4301912028,74.5189409942,94.7558398313,49.2772845802,25.040686101,0.0,125.0058636108,67.9159438573
PWY-7204: pyridoxal 5'-phosphate salvage II (plants),0.0,0.0,0.0,0.0,0.0,0.0,0.0,0.0,0.0,0.0,0.0,0.0,0.0,0.0,0.0,0.0,0.0,0.0,0.0,0.0,0.0,0.0,3.1177584341,0.0,0.0,0.0,0.0,0.0,0.0
PWY-7208: superpathway of pyrimidine nucleobases salvage,93.1623787865,22.1076423136,70.7991132918,0.0,11.8260753465,13.7970878126,30.8870890573,18.4112974149,6.4045015915,22.4228610023,0.0,0.0,0.0,39.0975228061,52.5464942723,0.0,0.0,47.7382463729,0.0,0.0,34.2531655542,81.0768074831,46.1595244474,16.025256314,16.0671270351,69.9568626163,0.0,27.9470655797,41.9933789394
PWY-7210: pyrimidine deoxyribonucleotides biosynthesis from CTP,36.772671848,31.2897375914,55.3013264109,0.0,14.4215334065,16.5327842597,30.5036944394,19.0724248046,0.0,23.6759014068,0.0,0.0,0.0,45.1273707547,36.5349215667,0.0,0.0,47.7200244851,0.0,0.0,36.479726831,35.9672107408,34.4998392094,17.9758829514,18.1808828316,67.3728773235,0.0,30.5140357801,42.5795989328
PWY-7211: superpathway of pyrimidine deoxyribonucleotides de novo biosynthesis,0.0,0.0,0.0,0.0,0.0,18.0591876538,0.0,0.0,0.0,0.0,0.0,0.0,0.0,0.0,0.0,0.0,0.0,0.0,0.0,0.0,0.0,0.0,0.0,0.0,0.0,0.0,0.0,0.0,0.0
PWY-7220: adenosine deoxyribonucleotides de novo biosynthesis II,64.7894463502,15.5921163713,36.3514354657,0.0,8.843911429,10.2074126317,21.3326533394,12.1269871122,0.0,15.8935935786,0.0,0.0,0.0,28.5289889925,26.6832599056,0.0,0.0,34.5316808658,0.0,0.0,23.4324559967,71.7564526625,19.8379602172,11.2744950236,11.5691699654,44.3224868632,0.0,19.0045244713,28.9865075338
PWY-7221: guanosine ribonucleotides de novo biosynthesis,93.0496360743,360.3818459956,166.6341721617,226.1896001167,333.5091951828,512.5551855289,159.3647674908,285.1431777532,52.2004081268,228.8602279125,133.0362056269,257.7987101672,191.5039179978,460.8594641982,64.9420420129,103.7160279686,53.3479035202,129.5414900268,126.1408152215,450.2865688705,127.3124211648,90.5049293388,163.9598662216,186.0693032015,163.1279789592,229.4864800107,61.7210597239,237.3691344891,92.5185624047
PWY-7222: guanosine deoxyribonucleotides de novo biosynthesis II,64.7894463502,15.5921163713,36.3514354657,0.0,8.843911429,10.2074126317,21.3326533394,12.1269871122,0.0,15.8935935786,0.0,0.0,0.0,28.5289889925,26.6832599056,0.0,0.0,34.5316808658,0.0,0.0,23.4324559967,71.7564526625,19.8379602172,11.2744950236,11.5691699654,44.3224868632,0.0,19.0045244713,28.9865075338
PWY-7228: superpathway of guanosine nucleotides de novo biosynthesis I,80.0240550305,29.9157022027,65.9571386418,0.0,17.2663366633,20.0479996003,37.8334620178,23.3364586345,0.0,29.7702161965,0.0,0.0,0.0,54.004589225,49.2287302633,0.0,0.0,55.1091131439,0.0,0.0,40.4296214101,84.5968857937,43.9668807206,21.2900322457,21.7500199228,74.833056191,0.0,35.4265572887,46.2521627128
PWY-7229: superpathway of adenosine nucleotides de novo biosynthesis I,112.2976027641,54.0879471462,92.1688840262,0.0,33.3742664054,38.6360074158,64.0881198265,39.7844121849,0.0,52.4824943806,0.0,0.0,0.0,99.6987592848,58.8455501535,0.0,0.0,82.5502097265,0.0,0.0,69.3141329458,132.0416502667,55.2082304262,35.250702309,39.5458221189,106.77094283,0.0,61.3730563124,70.1135666252
PWY-7234: inosine-5'-phosphate biosynthesis III,0.0,460.8318400737,162.8377989279,218.669448212,247.961843801,335.9750503358,88.9785364943,202.7662241129,106.3589108494,126.6290302483,311.7616230848,211.2489500855,154.2356078505,426.7127265161,0.0,144.6293489686,107.429430127,93.5007955407,123.4462682904,342.6055891066,190.5042052942,0.0,216.0585275663,173.121210652,115.7849355852,192.48086813,55.0672483517,314.2373935433,138.2795316981
"PWY-7237: myo-, chiro- and scyllo-inositol degradation",68.6918595189,0.0,17.3775671406,0.0,0.0,0.0,0.0,0.0,0.0,0.0,0.0,0.0,0.0,0.0,12.0107973614,13.8776712739,0.0,2.200220022,0.0,0.0,0.0,0.0,20.1237701329,31.5955766193,0.0,0.0,0.0,0.0,29.5452316341
PWY-7238: sucrose biosynthesis II,20.8933226062,46.3320566812,33.422315697,107.8439320076,310.3866735876,468.5989986712,116.1216824774,259.3879139251,153.5067672296,233.2243490479,14.9397242034,19.8734550482,124.7925009985,322.2561405332,72.9697702918,30.6713551494,30.8672212334,62.3236425623,164.6161968537,40.1378937478,44.5283567714,179.3608298683,46.6943184281,65.7811465065,119.6088094913,31.5322298301,13.5249514354,175.6686668049,31.5021033462
PWY-7242: D-fructuronate degradation,0.0,10.4548094835,0.0,9.2183210405,22.586754027,76.8627782201,14.2663376371,96.4229768308,28.8707866296,78.8354780341,6.5925612241,6.6939095092,7.3869779647,54.4376605955,11.2984022695,0.0,0.0,0.0,25.3495805539,11.2918762401,14.9274575589,48.7366343414,0.0,13.4447042733,29.3236412863,5.2150286696,0.0,38.5585762398,0.0
"PWY-724: superpathway of L-lysine, L-threonine and L-methionine biosynthesis II",43.9592060176,179.9153144944,94.4599803872,121.3580927645,179.7183079653,284.7315369033,87.5546237926,99.3717610837,67.3179968524,101.009168362,43.0461936707,117.3235153884,87.6039369564,317.785106011,38.7717679736,57.3695595425,50.5533402746,58.4345452086,83.8897832737,186.9157740407,88.1977656503,44.6145865073,84.474642986,61.7093627985,109.6062123989,104.4675778424,29.0546710799,102.1580866026,66.8511936791
PWY-7282: 4-amino-2-methyl-5-diphosphomethylpyrimidine biosynthesis II,0.0,128.1705947721,0.0,0.0,116.0666535028,0.0,0.0,36.5913424068,45.1191672036,0.0,0.0,0.0,54.2125876381,0.0,0.0,0.0,0.0,0.0,0.0,0.0,0.0,0.0,47.2196102193,0.0,0.0,0.0,0.0,0.0,0.0
PWY-7315: dTDP-N-acetylthomosamine biosynthesis,0.0,8.8496127978,0.0,0.0,22.978930905,0.0,0.0,0.0,0.0,0.0,0.0,0.0,0.0,0.0,8.3870742563,0.0,0.0,0.0,0.0,0.0,0.0,0.0,0.0,0.0,0.0,0.0,0.0,0.0,0.0
PWY-7323: superpathway of GDP-mannose-derived O-antigen building blocks biosynthesis,0.0,0.0,6.1340244103,0.0,0.0,0.0,0.0,0.0,0.0,0.0,0.0,0.0,0.0,0.0,0.0,0.0,0.0,0.0,14.2318641994,0.0,0.0,0.0,3.273334934,0.0,0.0,0.0,0.0,0.0,0.0
PWY-7328: superpathway of UDP-glucose-derived O-antigen building blocks biosynthesis,70.1438490521,0.0,9.8388028973,0.0,99.0704421685,75.1841908666,0.0,66.4490977965,0.0,43.6240367202,0.0,3.771639862,0.0,119.527963938,27.9023765617,0.0,0.0,17.84806937,17.564378343,0.0,28.0488567668,0.0,32.3324408923,0.0,0.0,33.6048722339,0.0,18.6873371475,15.8277414642
PWY-7345: superpathway of anaerobic sucrose degradation,0.0,0.0,0.0,0.0,0.0,0.0,0.0,75.7250032339,40.2292198087,38.0377141349,0.0,0.0,54.9154494652,139.3412801601,0.0,0.0,0.0,0.0,34.9463956903,0.0,0.0,0.0,0.0,0.0,0.0,0.0,0.0,0.0,0.0
PWY-7356: thiamine diphosphate salvage IV (yeast),0.0,0.0,0.0,0.0,0.0,23.6119317571,0.0,0.0,0.0,0.0,0.0,0.0,0.0,0.0,0.0,0.0,0.0,0.0,0.0,0.0,0.0,0.0,0.0,0.0,0.0,0.0,0.0,0.0,0.0
PWY-7357: thiamine phosphate formation from pyrithiamine and oxythiamine (yeast),22.3165763495,20.6566667151,87.9176226208,82.9654849282,109.3081413721,192.9692607799,72.1672672348,118.0634227583,57.7287366147,143.1758793482,9.8428341395,22.9860349373,47.9139759577,217.4574630707,30.5873537381,15.7478564842,16.3610720208,23.0986091341,68.8015742887,35.6633752013,22.4308837473,87.6747659537,78.9663410478,24.8275744074,71.0590331157,19.4885775067,4.7694792387,121.1248026617,45.3176967697
"PWY-7371: 1,4-dihydroxy-6-naphthoate biosynthesis II",11.0275314787,0.0,0.0,0.0,0.0,0.0,0.0,0.0,0.0,0.0,0.0,0.0,0.0,0.0,7.8048985544,0.0,0.0,0.0,0.0,0.0,0.0,19.6098189993,7.9140187732,22.1834382984,0.0,0.0,0.0,0.0,26.4075460149
"PWY-7383: anaerobic energy metabolism (invertebrates, cytosol)",0.0,0.0,0.0,0.0,19.4032779218,31.372973364,0.0,0.0,4.4332797161,26.3203120289,0.0,0.0,0.0,5.4819785546,0.0,0.0,0.0,15.1744833254,8.4852383432,0.0,6.8493289051,0.0,0.0,0.0,6.8115675114,0.0,0.0,0.0,0.0
"PWY-7388: octanoyl-[acyl-carrier protein] biosynthesis (mitochondria, yeast)",0.0,0.0,0.0,0.0,14.7177475381,0.0,0.0,0.0,0.0,0.0,0.0,0.0,0.0,0.0,0.0,0.0,0.0,0.0,0.0,0.0,0.0,0.0,0.0,0.0,0.0,0.0,0.0,0.0,0.0
PWY-7392: taxadiene biosynthesis (engineered),0.0,15.6692054837,22.9328938088,0.0,27.2932773891,0.0,23.4576565352,0.0,0.0,0.0,0.0,0.0,17.3995001632,24.5854909783,0.0,0.0,0.0,0.0,0.0,0.0,0.0,0.0,0.0,0.0,0.0,11.2735171923,0.0,0.0,0.0
PWY-7400: L-arginine biosynthesis IV (archaebacteria),0.0,0.0,0.0,0.0,125.7840494849,0.0,92.9226842909,48.5088077228,0.0,0.0,0.0,0.0,53.1524363719,0.0,0.0,0.0,0.0,0.0,106.586551703,0.0,0.0,0.0,0.0,0.0,0.0,0.0,0.0,0.0,0.0
"PWY-7456: &beta;-(1,4)-mannan degradation",0.0,0.0,0.0,0.0,0.0,9.0358826745,0.0,0.0,0.0,28.8234234678,0.0,0.0,0.0,41.8293859282,13.965314538,0.0,0.0,0.0,0.0,0.0,0.0,0.0,0.0,0.0,0.0,0.0,0.0,0.0,0.0
PWY-7560: methylerythritol phosphate pathway II,0.0,33.3783175582,40.8446296809,36.1411207127,77.9036332745,214.7058419502,49.2536727158,107.6334381378,49.8334294282,75.813502077,0.0,21.1231440063,35.699827206,181.7021208433,39.0696332488,8.4044760132,0.0,33.627939964,49.8738122486,14.1023836804,37.0696523281,18.5120560454,32.8813085345,13.5586226002,39.9182480414,17.567156089,0.0,29.0286635354,36.1146944738
PWY-7663: gondoate biosynthesis (anaerobic),23.6397690011,33.3387246761,86.1809220398,103.6942610066,79.6984073024,196.5329370444,86.2277817835,139.8037166007,73.8612983167,104.8535432215,0.0,5.4653708707,159.3028097675,249.0278525696,56.5045326746,34.6737944768,77.5432538237,41.6854363584,48.7658304073,90.9929990813,86.2097003274,40.1009372067,67.3918636421,52.2512399559,71.1454213358,36.3582763599,13.3025356341,69.247787267,37.8816768944
PWY-7664: oleate biosynthesis IV (anaerobic),7.5831102893,0.0,0.0,0.0,60.278205406,0.0,0.0,0.0,0.0,0.0,0.0,0.0,0.0,0.0,30.5908411219,0.0,0.0,0.0,0.0,36.85808898,0.0,0.0,0.0,0.0,21.5269291142,13.2163484999,0.0,0.0,0.0
PWY-7761: NAD salvage pathway II (PNC IV cycle),13.6086772826,0.0,25.3558782841,0.0,6.2052279893,91.4262632358,34.696583944,29.5333410587,0.0,58.7234705297,0.0,0.0,31.5721079606,6.2094911558,0.0,0.0,0.0,0.0,37.2153151641,10.2922574201,27.6973430138,11.9561978968,24.7759467447,8.9885370907,75.6179551355,0.0,0.0,0.0,0.0
PWY-7790: UMP biosynthesis II,109.5666217512,432.5276571058,247.2705666328,256.9109324011,349.3197725506,657.3970578016,169.0869783516,351.4974233241,141.0761103254,245.1490664474,306.8509298744,266.790839692,211.6984256016,511.9929437135,100.39313231,110.5752495048,117.34604109,101.3303594695,165.4814498371,355.2475750625,200.7039195565,97.7377409137,239.766759108,108.5227230183,224.4108588462,166.4783209523,52.2445368642,292.0246703207,137.3012347242
PWY-7791: UMP biosynthesis III,109.5666217512,432.5276571058,247.2705666328,256.9109324011,349.3197725506,657.3970578016,169.0869783516,351.4974233241,141.0761103254,245.1490664474,306.8509298744,266.790839692,211.6984256016,511.9929437135,100.39313231,110.5752495048,117.34604109,101.3303594695,165.4814498371,355.2475750625,200.7039195565,97.7377409137,239.766759108,108.5227230183,224.4108588462,166.4783209523,52.2445368642,292.0246703207,137.3012347242
PWY-7851: coenzyme A biosynthesis II (eukaryotic),43.144942544,202.3119968912,104.5592243069,119.1121621284,175.1545939306,278.1871144893,125.1423014963,159.0336064762,85.4948847774,120.8606994214,79.3044267418,120.4446330648,151.0102931443,313.8578356281,82.7741385316,72.918888462,54.7811841447,81.8566358386,81.2584950748,202.3706846502,107.2978854871,51.7070941243,55.5935136662,83.9589090974,132.744714761,113.9165943278,8.7699731787,160.0837281948,80.1644358343
PWY-7883: anhydromuropeptides recycling II,0.0,0.0,0.0,0.0,11.0832199439,0.0,0.0,0.0,0.0,0.0,0.0,0.0,0.0,0.0,0.0,0.0,0.0,0.0,0.0,0.0,0.0,0.0,0.0,0.0,0.0,0.0,0.0,0.0,0.0
PWY-7942: 5-oxo-L-proline metabolism,0.0,0.0,0.0,0.0,55.0042098252,0.0,0.0,0.0,0.0,0.0,0.0,0.0,0.0,0.0,0.0,0.0,0.0,0.0,0.0,0.0,0.0,0.0,0.0,0.0,0.0,0.0,0.0,0.0,0.0
PWY-7953: UDP-N-acetylmuramoyl-pentapeptide biosynthesis III (meso-diaminopimelate containing),74.3620989731,10.0444046945,91.3661245696,80.3777026063,156.1711880573,346.1499592368,112.0336136875,217.7664994599,82.6635601016,69.161626347,18.6224124377,13.4419194273,85.8063569836,361.6907086074,70.1173295101,45.8808538724,0.0,53.4541380629,54.6128744792,0.0,65.9718158171,83.7189005204,70.402265381,81.3730205678,113.1689034545,44.4078014476,22.5416947553,8.9916975739,75.222267257
PWY-7977: L-methionine biosynthesis IV,37.2440177243,0.0,36.8314340781,0.0,69.3028179051,132.2875890904,16.8551150734,29.9167355291,9.7480684015,44.0581251471,0.0,0.0,23.1749397035,87.9167563252,49.1895211921,0.0,0.0,0.0,71.3640944994,0.0,0.0,49.7682609581,24.6155432209,17.7338841677,21.215688499,0.0,0.0,0.0,42.3613898
PWY-7992: superpathway of menaquinol-8 biosynthesis III,12.3813532982,0.0,0.0,0.0,0.0,0.0,0.0,0.0,0.0,0.0,0.0,0.0,0.0,0.0,0.0,0.0,0.0,0.0,0.0,0.0,0.0,0.0,0.0,0.0,0.0,0.0,0.0,0.0,0.0
PWY-8004: Entner-Doudoroff pathway I,0.0,0.0,0.0,22.1636278961,24.8605025304,0.0,80.6310823446,49.0054628795,60.5993968633,0.0,0.0,0.0,64.8436003573,0.0,0.0,0.0,0.0,23.9147039333,31.152805397,21.9106303856,10.3702826489,0.0,0.0,0.0,22.6006875939,0.0,0.0,39.4925248565,28.2920118813
PWY-801: homocysteine and cysteine interconversion,0.0,0.0,0.0,0.0,4.3353592602,4.7542013924,0.0,0.0,6.242830349,0.0,0.0,0.0,0.0,22.038735834,0.0,0.0,0.0,0.0,0.0,0.0,0.0,0.0,0.0,0.0,0.0,0.0,0.0,0.0,0.0
PWY-8073: lipid IVA biosynthesis (P. putida),0.0,0.0,0.0,0.0,13.6753698204,0.0,0.0,0.0,0.0,0.0,0.0,0.0,0.0,0.0,17.1219582198,0.0,0.0,0.0,0.0,0.0,0.0,0.0,0.0,0.0,0.0,0.0,0.0,0.0,0.0
PWY-8131: 5'-deoxyadenosine degradation II,0.0,0.0,9.425316138,0.0,0.0,0.0,0.0,0.0,0.0,0.0,0.0,0.0,0.0,0.0,17.6616847689,0.0,0.0,0.0,0.0,0.0,0.0,0.0,7.1891516732,0.0,0.0,0.0,0.0,0.0,5.7681997438
PWY-8178: pentose phosphate pathway (non-oxidative branch) II,58.8653962817,17.7228113531,52.8806300209,0.0,86.8565926972,212.3421059134,77.1072600998,16.8782621242,0.0,4.9342062438,28.6625012297,0.0,12.357627229,58.0105589264,26.2827837519,0.0,11.333407238,22.9063144945,56.2712007628,9.7715552125,16.2719689423,89.4760271603,79.3643192792,38.8895004657,36.1914630942,7.5720892771,0.0,0.0,43.1443903482
PWY-8187: L-arginine degradation XIII (reductive Stickland reaction),10.8746645146,7.8550229907,73.1194702523,68.018397011,111.6823534777,201.1567383632,51.5983225196,76.7636237492,73.457595954,53.9922099216,49.6099142824,14.9464099516,63.5346703928,134.3272928486,18.2790815308,39.8236627983,43.9905846472,27.544431842,46.6643622563,0.0,44.0692236864,36.4673844357,11.0445875826,17.3193958097,56.1381023953,41.6898343744,0.0,84.6366009087,21.4886037232
PWY-841: superpathway of purine nucleotides de novo biosynthesis I,77.4123366265,49.8737312232,91.4789873484,0.0,29.127774449,34.0327967153,54.5633347499,38.5414825816,0.0,46.583029062,0.0,0.0,0.0,87.5622452029,53.4724451561,0.0,0.0,66.8995651832,0.0,0.0,64.044299644,93.4231275058,59.059464122,33.4176796975,34.4161522127,105.1798488978,0.0,57.5396216247,66.9581537748
PWY-922: mevalonate pathway I (eukaryotes and bacteria),0.0,6.4151383107,0.0,0.0,0.0,0.0,14.3133333711,0.0,0.0,0.0,0.0,0.0,9.3988770296,0.0,0.0,0.0,0.0,0.0,0.0,0.0,0.0,0.0,0.0,0.0,0.0,0.0,0.0,0.0,0.0
PWY-I9: L-cysteine biosynthesis VI (from L-methionine),0.0,41.3672012146,15.4594976084,0.0,18.9726420671,17.0682764592,2.3804858941,0.0,21.4245366396,6.4609713336,0.0,0.0,72.4880909678,42.3554200258,11.2762543026,0.0,0.0,0.0,0.0,57.619350854,7.8439634883,0.0,7.5150201471,0.0,0.0,0.0,0.0,15.6532368516,0.0
PWY0-1061: superpathway of L-alanine biosynthesis,0.0,0.0,13.7405039138,30.6357612434,21.6686122947,35.7994494101,15.6780454683,0.0,0.0,35.9392532204,0.0,0.0,11.2525779516,0.0,0.0,0.0,0.0,14.8968235108,0.0,7.0609461131,0.0,0.0,36.8370683658,0.0,0.0,0.0,0.0,0.0,0.0
PWY0-1241: ADP-L-glycero-&beta;-D-manno-heptose biosynthesis,38.7925428571,0.0,0.0,0.0,0.0,5.0871875829,0.0,0.0,0.0,0.0,0.0,0.0,0.0,24.1233543577,14.0057123041,0.0,0.0,22.0367951207,0.0,0.0,0.0,44.572223764,4.5453081527,0.0,0.0,0.0,0.0,0.0,0.0
PWY0-1261: anhydromuropeptides recycling I,0.0,0.0,0.0,0.0,11.0832199439,0.0,0.0,0.0,0.0,0.0,0.0,0.0,0.0,0.0,0.0,0.0,0.0,0.0,0.0,0.0,0.0,0.0,0.0,0.0,0.0,0.0,0.0,0.0,0.0
PWY0-1296: purine ribonucleosides degradation,61.2212149407,11.4953521957,16.6510076547,63.8955691252,80.1329041261,292.7454207341,111.358166131,85.6813970162,63.4850569744,116.4426325396,0.0,34.3776543511,53.9605485946,165.8095408129,35.3515641806,6.6841316942,20.4176431457,17.4353950362,93.0952976266,30.9722899539,25.7725374535,77.2877621351,69.2995824385,76.6789569518,34.2903192456,23.5084968968,0.0,33.1450840538,54.5716230206
PWY0-1297: superpathway of purine deoxyribonucleosides degradation,0.0,13.7360727761,14.9310983661,53.2697637113,72.8256374178,84.1215519394,17.8734260889,64.6530301626,9.2954826283,68.4989425142,0.0,8.9820599587,41.9595914395,140.0020447054,19.4471997936,8.550309168,22.819862912,14.7134049996,39.874532572,36.5568428796,26.5049961837,12.190266456,51.1296506607,37.8073391705,33.8925207582,21.7513621501,0.0,41.962469752,0.0
PWY0-1298: superpathway of pyrimidine deoxyribonucleosides degradation,0.0,22.0086885013,0.0,0.0,15.051408695,21.0117932268,4.3084628441,7.8130438688,0.0,0.0,0.0,0.0,0.0,0.0,12.9410547137,0.0,0.0,14.4618471305,0.0,0.0,15.6475960408,8.7489303535,10.9333632667,23.3069994319,28.4774263763,0.0,0.0,0.0,0.0
PWY0-1319: CDP-diacylglycerol biosynthesis II,50.6461784631,64.4655005226,43.3598821687,51.7392292873,114.8934190404,245.2834266818,47.0858135842,138.2515039171,57.8498592535,84.3595466863,32.4344149766,36.9949575818,27.4434207453,240.4451487577,46.5208219776,16.1327514447,34.1463473127,43.5805552903,79.6215758088,21.9877159249,36.5268429984,84.1500528759,92.8589550288,20.8713231794,60.3215037155,63.0855313375,0.0,60.5476077669,39.8585433804
PWY0-1477: ethanolamine utilization,0.0,44.258766243,7.3220385814,12.5795928748,44.6882641534,54.7386876426,12.6710638163,49.2837958483,10.5760865797,4.1888668795,0.0,0.0,37.2284287582,103.2198718059,4.9943091212,14.9802771728,8.9108008738,6.0738070969,13.3238635004,4.6249306967,4.767280785,0.0,28.2291688739,0.0,31.6719552433,6.523258248,7.8225559846,46.1972514797,8.9907446652
PWY0-1479: tRNA processing,0.0,0.0,0.0,0.0,35.152928623,0.0,0.0,0.0,0.0,0.0,0.0,0.0,0.0,13.9193333145,0.0,0.0,0.0,0.0,0.0,0.0,0.0,0.0,0.0,0.0,0.0,0.0,0.0,0.0,0.0
PWY0-1586: peptidoglycan maturation (meso-diaminopimelate containing),6.7001767072,28.3461277328,32.3443830247,8.7315105488,145.5170087766,71.2378821857,55.1658620153,160.6124013801,30.7901868887,31.1270467429,0.0,7.3978176438,77.0914213156,159.680493284,44.0040148345,9.7078208295,4.1386463946,10.2502367886,41.2020255536,0.0,0.0,51.6885833182,26.3329047265,19.6599222253,26.4569654092,0.0,0.0,32.2260457172,0.0
PWY0-162: superpathway of pyrimidine ribonucleotides de novo biosynthesis,0.0,0.0,0.0,0.0,0.0,22.5227257486,0.0,0.0,0.0,0.0,0.0,0.0,0.0,0.0,0.0,0.0,0.0,0.0,0.0,0.0,32.6858848651,0.0,0.0,0.0,0.0,0.0,0.0,0.0,0.0
PWY0-166: superpathway of pyrimidine deoxyribonucleotides de novo biosynthesis (E. coli),0.0,0.0,27.9911092673,0.0,16.354643477,13.5178746748,22.4530769384,0.0,0.0,0.0,0.0,0.0,0.0,0.0,0.0,0.0,0.0,0.0,0.0,0.0,0.0,0.0,0.0,0.0,0.0,0.0,0.0,0.0,0.0
"PWY0-301: L-ascorbate degradation I (bacterial, anaerobic)",0.0,0.0,0.0,0.0,0.0,0.0,0.0,0.0,0.0,0.0,0.0,0.0,0.0,0.0,2.5938396467,0.0,0.0,0.0,0.0,0.0,0.0,0.0,0.0,0.0,0.0,0.0,0.0,0.0,0.0
PWY0-42: 2-methylcitrate cycle I,0.0,0.0,0.0,0.0,4.6168732556,0.0,0.0,0.0,0.0,0.0,0.0,0.0,0.0,0.0,0.0,0.0,0.0,0.0,0.0,0.0,0.0,0.0,0.0,0.0,0.0,0.0,0.0,0.0,0.0
PWY0-845: superpathway of pyridoxal 5'-phosphate biosynthesis and salvage,0.0,0.0,0.0,0.0,14.1378465836,0.0,0.0,0.0,0.0,0.0,0.0,0.0,0.0,0.0,0.0,0.0,0.0,0.0,0.0,0.0,0.0,0.0,0.0,0.0,0.0,0.0,0.0,0.0,0.0
PWY0-862: (5Z)-dodecenoate biosynthesis I,6.8863249598,0.0,0.0,0.0,53.5915266466,0.0,0.0,0.0,0.0,0.0,0.0,0.0,0.0,0.0,28.4140061476,0.0,0.0,0.0,0.0,32.3520897958,0.0,0.0,0.0,0.0,19.1595276607,11.4938958053,0.0,0.0,0.0
PWY1ZNC-1: assimilatory sulfate reduction IV,0.0,0.0,0.0,0.0,0.0,0.0,0.0,0.0,0.0,0.0,0.0,0.0,0.0,0.0,0.0,0.0,0.0,0.0,0.0,0.0,0.0,0.0,2.1038229823,0.0,0.0,0.0,0.0,0.0,0.0
PWY3O-4107: NAD salvage pathway V (PNC V cycle),0.0,0.0,0.0,0.0,7.4318071068,0.0,9.9182880977,0.0,0.0,0.0,0.0,0.0,0.0,0.0,0.0,0.0,0.0,0.0,0.0,0.0,0.0,0.0,15.5956275343,0.0,8.5582040949,0.0,0.0,0.0,0.0
PWY4FS-7: phosphatidylglycerol biosynthesis I (plastidic),12.7671985064,13.8444384218,10.6641511514,57.0077154897,38.1147339875,11.9046031219,36.2352174483,0.0,0.0,0.0,0.0,0.0,0.0,0.0,8.14756974,0.0,27.9654020213,12.6852125236,0.0,20.1249800042,0.0,0.0,15.2569181997,0.0,16.8548799258,24.6357709444,0.0,0.0,12.8088979478
PWY4FS-8: phosphatidylglycerol biosynthesis II (non-plastidic),12.7671985064,13.8444384218,10.6641511514,57.0077154897,38.1147339875,11.9046031219,36.2352174483,0.0,0.0,0.0,0.0,0.0,0.0,0.0,8.14756974,0.0,27.9654020213,12.6852125236,0.0,20.1249800042,0.0,0.0,15.2569181997,0.0,16.8548799258,24.6357709444,0.0,0.0,12.8088979478
PWY4LZ-257: superpathway of fermentation (Chlamydomonas reinhardtii),0.0,0.0,0.0,0.0,36.5968139474,61.2735195714,14.8669462313,0.0,0.0,9.4095603449,0.0,0.0,0.0,79.2787820958,0.0,0.0,0.0,8.3484963068,0.0,0.0,0.0,0.0,8.7419671518,0.0,4.9941512341,0.0,0.0,0.0,0.0
PWY66-389: phytol degradation,0.0,0.0,0.0,0.0,0.0,0.0,3.0817811865,0.0,0.0,0.0,0.0,0.0,0.0,0.0,0.0,0.0,0.0,0.0,0.0,0.0,0.0,0.0,0.0,0.0,0.0,0.0,0.0,0.0,0.0
PWY66-399: gluconeogenesis III,0.0,0.0,0.0,0.0,0.0,37.7798956604,0.0,0.0,0.0,34.7527329515,0.0,0.0,0.0,11.6988264883,0.0,0.0,0.0,22.1927582261,0.0,0.0,0.0,0.0,0.0,0.0,0.0,0.0,0.0,0.0,0.0
PWY66-409: superpathway of purine nucleotide salvage,0.0,0.0,0.0,0.0,23.9904268486,0.0,0.0,33.2233994826,0.0,0.0,0.0,0.0,0.0,0.0,0.0,0.0,0.0,0.0,0.0,0.0,0.0,0.0,0.0,0.0,21.6141412664,0.0,0.0,0.0,0.0
PWY66-429: fatty acid biosynthesis initiation (mitochondria),20.8557606757,269.1685520414,106.1058174305,132.9431578972,257.1682962481,189.3051681782,48.8734661396,109.0347571062,79.0073893309,35.3586011605,152.9603070775,165.4460060926,124.1403503045,248.2185773073,0.0,60.0649411136,99.9878467499,95.9757613437,58.9738197348,213.8488409555,123.9818599755,36.8334730067,84.6843541904,95.2396728093,76.8278613633,138.3320157696,38.5848318276,164.8862103831,77.9340320262
PYRIDNUCSAL-PWY: NAD salvage pathway I (PNC VI cycle),0.0,0.0,0.0,0.0,6.1678087542,0.0,12.6405465075,0.0,0.0,0.0,0.0,0.0,0.0,0.0,0.0,0.0,0.0,0.0,0.0,0.0,0.0,0.0,17.3117111486,0.0,11.4622763964,0.0,0.0,0.0,0.0
PYRIDNUCSYN-PWY: NAD de novo biosynthesis I (from aspartate),21.6258320485,0.0,45.8018234545,0.0,111.5085173418,128.3680608486,30.0427376129,62.021871552,10.6343490361,31.1598313246,0.0,7.8214174878,0.0,124.239499613,24.7788553122,0.0,0.0,0.0,35.1185795082,9.6195814276,32.6262905368,16.5607365728,19.9293027375,0.0,28.9143618088,0.0,0.0,0.0,14.3947469014
PYRIDOXSYN-PWY: pyridoxal 5'-phosphate biosynthesis I,0.0,0.0,0.0,0.0,6.8282483564,0.0,0.0,0.0,0.0,0.0,0.0,0.0,0.0,0.0,0.0,0.0,0.0,0.0,0.0,0.0,0.0,0.0,0.0,0.0,0.0,0.0,0.0,0.0,0.0
RHAMCAT-PWY: L-rhamnose degradation I,47.5966127946,0.0,6.9431803753,39.6759868907,47.4920579153,70.9438797067,20.6083597718,68.5920402556,0.0,87.1103467218,0.0,0.0,50.0442728508,190.5682853822,14.7156362354,0.0,0.0,0.0,37.986193527,0.0,12.8192237578,0.0,0.0,0.0,25.2843430165,0.0,0.0,9.0724042121,8.1673509699
RIBOSYN2-PWY: flavin biosynthesis I (bacteria and plants),0.0,77.6494091426,0.0,0.0,67.4306307394,24.1367099056,22.825834941,80.8229938536,18.5234512455,0.0,0.0,0.0,61.7583155509,51.8574641879,27.0929119145,18.783184303,0.0,0.0,29.5522862724,0.0,46.7551089612,0.0,29.0100418106,59.2964736881,19.7139462659,0.0,0.0,0.0,48.8896132746
SALVADEHYPOX-PWY: adenosine nucleotides degradation II,12.2516016148,0.0,0.0,0.0,32.289473496,8.3010182353,0.0,0.0,0.0,14.2753002099,0.0,0.0,0.0,4.0106995227,11.5302473554,0.0,0.0,0.0,12.5625318272,0.0,0.0,27.5876395542,0.0,0.0,8.8291876406,0.0,0.0,0.0,0.0
SER-GLYSYN-PWY: superpathway of L-serine and glycine biosynthesis I,77.6543248682,15.8483684649,37.0226615137,5.7150358846,71.0802212803,145.5696496009,19.8288641727,88.2437468139,13.0523129026,7.707360533,15.7745271832,0.0,25.5897749975,71.4458625954,49.6397725316,3.6378588523,3.7850100649,21.0107033398,25.7505729643,3.6142216035,21.1294088864,63.5659378832,46.8675345802,24.6490557349,68.5732162993,6.7887300327,11.2832140536,7.3721308922,58.9324232352
SO4ASSIM-PWY: assimilatory sulfate reduction I,0.0,0.0,0.0,0.0,14.3510912169,0.0,0.0,0.0,0.0,0.0,0.0,0.0,0.0,0.0,0.0,0.0,0.0,0.0,0.0,0.0,0.0,0.0,2.1038229823,0.0,0.0,0.0,0.0,0.0,0.0
SULFATE-CYS-PWY: superpathway of sulfate assimilation and cysteine biosynthesis,0.0,0.0,0.0,0.0,23.4835249004,0.0,0.0,0.0,0.0,0.0,0.0,0.0,0.0,0.0,0.0,0.0,0.0,0.0,0.0,0.0,0.0,0.0,0.0,0.0,0.0,0.0,0.0,0.0,0.0
THISYN-PWY: superpathway of thiamine diphosphate biosynthesis I,28.4309198181,4.8996655233,34.3418669854,0.0,38.3028838382,102.5842183937,26.0752147693,91.5485397839,0.0,40.5846766017,0.0,0.0,0.0,142.2614375642,32.2755145014,0.0,0.0,18.0953482959,16.5797136226,0.0,0.0,62.369722475,29.0702210931,0.0,30.8701320739,0.0,0.0,0.0,9.1052366891
THISYNARA-PWY: superpathway of thiamine diphosphate biosynthesis III (eukaryotes),0.0,0.0,0.0,0.0,0.0,7.1604533937,29.8395011974,20.9699447916,5.8341403675,0.0,0.0,0.0,13.1635366263,75.598239484,18.891507984,6.0350177751,9.4263896018,12.1462614939,0.0,0.0,0.0,59.0269720305,30.1331667333,18.6802436953,0.0,0.0,0.0,56.4816688912,11.8476448737
THRESYN-PWY: superpathway of L-threonine biosynthesis,25.9264692581,146.985785449,82.4412076794,52.6217385984,160.803050855,173.8136464911,47.3530360177,83.6141756096,50.0056135543,82.1822178288,30.3891200687,103.4635831389,44.4923491053,187.7311527621,34.4329860812,52.4141695737,76.9446757031,45.9890636214,22.7183835779,185.4634484081,66.6532005428,31.9675218055,84.1009654415,48.7944815445,97.2720494905,95.8793891264,19.3532371866,70.6501374856,54.0936736658
TRNA-CHARGING-PWY: tRNA charging,86.8266232221,365.5299618175,181.5838356406,192.6538063222,303.5480783852,543.9097986018,156.7507046126,258.5965002849,123.6237176544,201.0967937789,242.0181096557,220.1408579756,181.4253095379,497.4465984355,83.9382366873,123.278683626,100.8290221345,96.752084923,139.5805802071,311.5662675232,173.1538820088,115.5124786195,175.6163196338,132.4209315164,169.1833099711,207.3000047338,55.933993855,261.8403571341,132.3710352008
TRPSYN-PWY: L-tryptophan biosynthesis,58.7360608164,0.0,13.3133865197,0.0,63.6754795194,119.687170198,13.9202673473,33.7744046431,0.0,12.3336856486,0.0,0.0,0.0,22.5883054343,0.0,0.0,0.0,15.5659446674,13.4120903507,0.0,0.0,0.0,22.4288456069,0.0,35.9055425522,0.0,0.0,0.0,21.0182609447
UDPNACETYLGALSYN-PWY: UDP-N-acetyl-D-glucosamine biosynthesis II,0.0,0.0,0.0,0.0,0.0,0.0,0.0,0.0,0.0,0.0,0.0,0.0,0.0,0.0,0.0,0.0,0.0,0.0,0.0,6.3610968577,0.0,0.0,0.0,0.0,0.0,0.0,0.0,0.0,0.0
UDPNAGSYN-PWY: UDP-N-acetyl-D-glucosamine biosynthesis I,86.7119961271,352.7216274428,177.8194547706,227.8700637447,303.1944149917,362.8925539593,123.4558723269,171.2197707041,131.4204503838,117.2269715104,269.7495807983,222.8902736444,193.6080629467,430.1206598044,65.2907822993,122.0325780119,98.4148782816,97.7799012593,103.5436577596,431.4263121437,143.4236651359,85.8435088347,184.1644958083,138.4772213378,176.6899883856,205.8068412105,54.6201665963,268.3115415049,138.4907999983
VALSYN-PWY: L-valine biosynthesis,81.8075782905,31.716457854,90.6271948921,70.7966636179,188.1948590476,347.7754226318,124.0590250544,266.7003548211,92.8572486527,139.6052557881,32.3710192789,40.0893404331,52.0482188574,354.3838074642,104.430443471,14.8586851559,0.0,72.9313913651,82.4274007861,61.5056434076,79.2051147692,192.3543593183,79.0839037756,63.2457331173,73.0127310754,67.1420809875,0.0,106.4926817966,96.4093268072
